index_num,ra,dec,conf
93,34.17888288,-0.45996971,0.759317
102,47.90266555,-0.56129306,0.806027
115,349.0191337,-0.1225258,0.702761
116,352.759115,-0.13168144,0.711324
138,19.7692841,-0.13812633,0.871672
164,55.8334385,0.00170822,0.70737
218,47.69426438,0.43715078,0.710718
226,340.6288624,0.66601764,0.72026
244,31.62243791,0.70635155,0.664088
245,31.66026676,0.65816314,0.679367
268,359.5410225,1.20891563,0.776455
315,42.50320378,-1.24774389,0.718736
316,44.32825695,-1.19213481,0.808175
318,46.77537137,-1.13457822,0.778138
319,47.0434985,-1.23337277,0.739896
320,47.88741878,-1.24488865,0.693473
334,39.93838974,-0.69885865,0.768636
338,42.89416848,-0.68993715,0.717326
376,40.96955883,0.1526636,0.757125
380,50.37864663,0.1935841,0.782516
402,43.67910353,1.01147133,0.771268
406,53.66820531,1.02140673,0.678144
427,31.70179551,-1.1683227,0.691886
430,49.29634088,-1.13993098,0.728527
447,355.6003028,-0.62328191,0.682159
461,28.53345921,-0.74327952,0.772566
468,34.19854985,-0.65274435,0.725542
469,37.79759283,-0.76450636,0.67326
490,20.02905958,-0.20507842,0.722168
491,21.56749203,-0.40803907,0.662998
511,72.18736202,-0.35249976,0.762885
537,24.3136464,0.02690311,0.737632
549,69.35400485,0.00596814,0.651691
569,31.98218932,0.49667304,0.75092
579,56.17744777,0.52991093,0.663725
582,71.84783844,0.6021586,0.739988
587,0.72224067,0.947291,0.726646
598,24.44138609,0.90678667,0.694415
632,92.62384228,-0.7287799,0.697249
639,73.38869731,0.19428529,0.674424
686,48.22869383,0.98859622,0.692019
722,21.52083117,0.31611543,0.691277
744,75.67778762,0.80126182,0.681851
748,19.14662129,1.07991226,0.707822
781,35.6207772,-0.61838484,0.820508
885,14.57227765,0.04366327,0.71019
891,47.2049098,0.12980934,0.653141
895,78.51280879,0.13817526,0.732005
899,22.92331457,0.54062724,0.732115
919,69.37058473,0.96912427,0.682902
920,79.05762783,1.04762891,0.784554
937,80.46958983,0.98134725,0.654147
964,111.5009537,-0.33226474,0.694573
1076,168.6250145,-1.04433213,0.782933
1096,199.4282968,-1.00125155,0.742066
1137,185.1266036,-0.45172123,0.716748
1141,190.5402492,-0.49217843,0.736811
1201,193.9065357,-0.20644788,0.787264
1203,198.141093,-0.20372209,0.660481
1252,184.8572249,0.21121253,0.764679
1266,198.0888586,0.30823433,0.712669
1271,200.6889758,0.39915614,0.660042
1276,208.5796097,0.22058858,0.703319
1308,172.7555986,0.62698523,0.807435
1327,199.754141,0.76399114,0.731072
1362,242.306057,0.66549094,0.797294
1364,243.8404846,0.62018198,0.676027
1365,247.0362302,0.79241128,0.744229
1387,189.6399119,1.10323242,0.711401
1390,198.1165264,1.0562979,0.747419
1404,223.7808571,1.11208803,0.726535
1417,245.401285,1.20640185,0.722375
1433,175.6455012,-1.11033205,0.706371
1440,188.0412681,-1.09492358,0.778269
1476,168.5626338,-0.71637104,0.769613
1495,201.3954911,-0.64932536,0.736019
1530,162.5534376,-0.29352272,0.738251
1625,199.346695,0.00351808,0.700801
1660,153.9476647,0.5152109,0.722978
1670,187.2065316,0.59320174,0.725944
1688,217.817268,0.48389229,0.65148
1690,220.2063388,0.57500155,0.823557
1737,213.1440696,1.05386044,0.690408
1780,155.2933464,-0.94765968,0.781087
1794,182.7678592,-1.01449669,0.767634
1797,193.8178122,-0.83646991,0.678046
1815,129.0323163,-0.48859234,0.757481
1846,198.0060896,-0.41678215,0.770898
1859,236.7880234,-0.51017751,0.726643
1875,136.5875153,-0.08425962,0.653408
1899,162.3830674,-0.14367931,0.726135
1924,219.6947473,-0.02737585,0.697018
1927,222.6615753,-0.12223335,0.723366
1928,224.409437,-0.0767669,0.726464
1930,229.842497,0.00830327,0.697527
1933,118.9347499,0.29166224,0.72809
1937,123.9803854,0.35649301,0.779597
1940,127.2766693,0.27891701,0.701885
1980,226.5732397,0.25404318,0.655912
1988,121.8209701,0.63395174,0.659483
1992,128.3172058,0.7781437,0.761301
2019,184.6088927,0.79657067,0.667251
2046,158.4276735,1.22660022,0.651128
2071,92.77583234,1.0669314,0.783444
2072,92.80313364,1.02852037,0.699127
2077,311.2696393,-0.42263584,0.81412
2094,321.3911657,1.20526945,0.740029
2108,14.32632357,-3.04019781,0.677991
2119,19.34287266,-2.54549226,0.766252
2134,15.32643372,-1.30138746,0.730707
2149,14.95691973,14.3276657,0.731607
2172,15.37521973,13.80021236,0.741641
2188,26.21330395,13.58470506,0.712195
2189,27.14653319,13.33910048,0.782119
2204,4.42734697,15.33627875,0.710972
2223,32.66842096,14.14835459,0.77202
2228,30.26556143,14.70109243,0.765552
2292,324.4801204,-0.5116487,0.747922
2319,330.7832372,0.69500974,0.71157
2352,32.51751958,12.68621808,0.732201
2373,14.33305696,14.91258182,0.752636
2439,53.97044386,-6.83373223,0.719262
2440,54.7588693,-6.83823927,0.654205
2446,57.80766355,-5.93762266,0.658708
2463,65.55420412,-4.41649917,0.795608
2509,312.102372,0.58790411,0.791079
2521,320.2709144,0.85546438,0.685687
2548,3.41063446,15.67290799,0.744198
2564,29.44820854,14.8431435,0.696236
2581,48.59354866,-7.76195734,0.722987
2585,64.31908833,-5.73016749,0.828456
2588,36.97419494,-8.51327746,0.754667
2594,56.35135368,-6.46041964,0.786794
2596,60.91920528,-5.66362573,0.729373
2607,42.68902576,-7.20537974,0.653651
2628,348.0307977,-1.27717218,0.718472
2629,348.2209824,-1.09323411,0.762066
2648,329.7338957,1.01842757,0.680392
2689,127.2523521,-0.72036223,0.79454
2785,154.8125966,-2.26251616,0.824431
2788,157.2049417,-2.41942188,0.799132
2817,189.4923686,-2.70479137,0.819455
2826,157.0765834,-1.87503634,0.802248
2839,169.7257291,-2.20232611,0.795666
2857,198.5674814,-2.07496608,0.665851
2864,158.377186,-1.50817749,0.712553
2936,186.6728825,-3.55436385,0.711173
2945,196.0918934,-3.66240355,0.738167
2970,190.125816,-2.86465105,0.765888
2990,193.4899363,-2.34533286,0.652371
3005,197.6849989,-1.8021482,0.743281
3008,200.4265727,-1.90480974,0.776684
3017,186.7650456,-1.51590166,0.848517
3044,140.3201994,-0.80015984,0.656305
3089,150.3687533,-3.1923254,0.68808
3126,141.7734488,-1.6443737,0.770326
3144,154.737611,-1.6918506,0.677248
3238,132.6371431,52.5664158,0.7716
3358,182.3684979,66.17611638,0.775505
3359,183.5293358,66.1895659,0.700515
3362,189.4743528,66.06017033,0.747489
3390,148.1132662,58.42318334,0.695998
3399,126.2096741,46.9768942,0.771047
3419,113.938806,34.17644642,0.729763
3423,118.4391225,39.78268214,0.800963
3433,144.8178362,58.12372935,0.66894
3437,113.0708986,33.66797799,0.824756
3439,114.2334057,35.55091067,0.788612
3477,136.937725,55.8989646,0.690815
3498,131.1472221,53.0986312,0.774546
3499,131.2948923,53.01847497,0.792896
3501,131.4308753,53.26206917,0.741148
3556,255.345026,60.83557325,0.807224
3580,259.852798,57.15540569,0.688359
3603,252.0453042,62.7977174,0.755905
3605,254.7800375,60.13621209,0.681853
3636,258.6207057,57.25193128,0.789102
3640,253.4885049,64.46197507,0.762007
3648,259.5411974,58.44267235,0.790077
3698,250.2604237,40.07783926,0.760932
3716,265.4028505,17.76595439,0.711028
3717,266.6326434,15.45902051,0.674731
3775,264.1021172,20.94444012,0.757466
3777,265.4317152,18.38634736,0.749061
3792,137.107606,55.06693518,0.697439
3842,265.5813086,19.26754426,0.743144
3850,268.0927886,14.26815658,0.679805
3891,243.4203201,48.738135,0.67613
3902,250.5807735,41.97938365,0.743213
3903,251.2257241,41.21830012,0.785215
3925,114.995078,37.71873583,0.656329
3931,135.9625771,55.65682631,0.657987
3958,247.3959945,45.96971769,0.699961
3963,249.9716414,43.33961217,0.710565
3988,263.4510912,25.03474201,0.665919
4000,120.617086,44.94962817,0.694914
4039,248.7832615,45.40311926,0.798647
4044,253.1009149,40.93978971,0.689893
4072,268.3421585,16.64076177,0.728904
4077,116.1443173,38.56293447,0.75293
4098,116.7422697,40.17243185,0.711814
4131,115.3649435,39.54226405,0.81383
4169,117.2872981,42.79858917,0.732991
4203,114.1624829,39.47226936,0.747947
4213,146.0170601,62.56786537,0.707279
4252,153.6972649,65.22332955,0.71975
4258,171.7606959,67.81710058,0.658724
4280,263.6920191,54.15295861,0.78591
4291,262.1210491,59.31857951,0.765573
4294,263.6483406,56.15810685,0.680855
4298,262.332462,60.02463555,0.754679
4328,254.4422362,66.15341679,0.680232
4350,261.6526935,60.41040334,0.763111
4368,118.40621,42.84826334,0.681378
4381,114.8465799,39.82944237,0.735322
4386,111.592496,36.23362687,0.689001
4388,114.5123147,40.45136483,0.688683
4403,176.0789407,66.79994448,0.699206
4428,136.7360608,56.94102441,0.672286
4446,124.4289246,49.57591801,0.676065
4467,135.1019525,58.31315672,0.797731
4481,207.6902452,1.05107003,0.653156
4500,128.396046,54.56339874,0.690444
4526,243.0998317,50.29248819,0.662728
4543,197.6234987,66.52721443,0.659805
4559,236.0452256,55.97345836,0.785078
4578,201.2791841,66.58457931,0.693199
4624,243.0318378,52.51320466,0.741996
4659,241.7349029,53.94927356,0.755266
4673,209.7624903,66.84957393,0.673284
4701,195.5196323,-22.57684482,0.724828
4777,250.0890055,44.63245784,0.732428
4816,249.1703642,47.67329976,0.738696
4861,188.1938995,1.56899806,0.690527
4878,228.1606127,0.96061985,0.708387
4895,173.3069638,1.82469707,0.706301
4951,234.6510426,1.00347426,0.686851
4974,175.1286473,2.28150558,0.790167
4989,201.692356,2.2436184,0.677078
5014,229.8292337,1.65649504,0.736865
5020,232.3189817,1.59250958,0.688246
5021,232.9761835,1.63403713,0.68856
5024,239.9818044,1.33478584,0.748405
5027,242.1593339,1.29309129,0.735873
5056,182.523344,2.82345619,0.71292
5109,156.5101104,3.03270104,0.716302
5121,169.6675942,3.06819589,0.765467
5144,208.9917055,3.04620616,0.787568
5149,213.5135107,2.82630042,0.72424
5152,216.0787386,2.94813185,0.801037
5164,227.0896468,2.63125624,0.708149
5169,233.9710849,2.33967743,0.705192
5188,178.9499547,3.69693273,0.728713
5199,196.0403223,3.53540634,0.682751
5201,200.2476391,3.53843919,0.772314
5226,162.5376335,1.26496197,0.67687
5244,131.9274558,0.68229089,0.727483
5253,163.4175933,1.66174234,0.678265
5274,194.6509871,1.70523948,0.813822
5284,213.9699556,1.3680235,0.658137
5322,179.3718839,2.19816547,0.746218
5390,171.2076039,2.53597882,0.659624
5405,201.3024384,2.41856269,0.79474
5437,140.6680837,2.39975763,0.666375
5441,143.1499068,2.29055945,0.746334
5495,206.5002296,2.91067179,0.737686
5511,218.9589552,2.60590437,0.775776
5527,156.9656323,3.06405288,0.750747
5532,170.4662904,3.40506798,0.763408
5540,184.1397249,3.52178329,0.80554
5544,196.0122745,3.39106455,0.653124
5556,226.8579557,2.75671694,0.693549
5569,153.8992381,-0.26963666,0.776966
5585,229.6074416,-0.64009431,0.728227
5618,213.9491252,4.15972236,0.748218
5637,210.9001123,4.52033128,0.728769
5662,236.6757258,3.1635122,0.769967
5672,222.7299705,4.53406094,0.689375
5694,216.9674938,5.25017157,0.758472
5731,196.9751787,54.37888885,0.828313
5773,317.1584558,-7.26433838,0.659457
5778,327.866362,-8.5445278,0.702783
5791,351.2264004,-10.34086386,0.7432
5792,312.0907981,-6.06728574,0.740196
5817,325.4270648,-7.51504742,0.70482
5838,329.494543,-7.52676894,0.671054
5852,308.8110345,-4.38548856,0.702886
5853,311.7251196,-4.91403905,0.7025
5878,347.4317059,-8.37234222,0.726823
5884,344.4060075,-10.49513087,0.705069
5887,348.3219999,-10.21558129,0.733299
5918,25.98237236,-10.61411976,0.741765
5920,21.32778155,-10.38622315,0.727458
5930,25.59048093,-9.76748191,0.784349
5960,11.39360887,-10.98637011,0.822977
5980,10.83565989,-10.6256148,0.801973
5982,14.21124413,-10.55190186,0.676538
5991,4.19114136,-10.33136627,0.708194
5998,10.96386967,-10.31123335,0.699347
6027,358.5731093,-9.45126467,0.785376
6034,15.29746499,-9.30487434,0.790885
6038,351.8110923,-8.70989401,0.654385
6046,7.79104359,-8.99257494,0.775225
6050,11.79444766,-9.08407713,0.731143
6063,24.79056395,-10.50289784,0.789576
6122,27.7866099,-9.1022713,0.763731
6130,36.93917165,-8.41293889,0.701303
6183,38.38295265,-7.3441867,0.7564
6190,311.2215318,-7.1473146,0.68503
6196,310.8906644,-4.89120281,0.738077
6230,325.4692596,-7.55066524,0.736859
6278,342.6311717,12.90001999,0.656887
6286,353.7305623,13.8017766,0.682955
6288,2.16869076,14.00911663,0.680142
6327,346.9598494,14.08639255,0.722723
6372,342.1577262,14.63635022,0.76091
6377,349.9314865,15.34681314,0.787542
6404,0.02144424,16.11264187,0.766039
6408,10.99094426,-10.93496011,0.705847
6423,17.6432009,-10.2122424,0.765553
6496,22.75037383,-9.62533199,0.764496
6520,309.7386488,7.44834033,0.766389
6531,323.9514123,10.67558337,0.702057
6605,61.68033883,1.09049995,0.687616
6650,2.02703868,-0.68817363,0.656885
6661,33.14943726,-0.74886812,0.691498
6697,355.12989,0.16069113,0.698466
6698,357.5150349,0.02306973,0.708153
6707,44.82654039,-0.02300073,0.682588
6744,21.20410202,1.0331653,0.728496
6747,357.4550341,-10.78199115,0.710133
6766,5.05071275,-11.0001187,0.771141
6770,355.957865,-9.89791971,0.720352
6793,33.43043204,-8.5092346,0.724344
6795,43.60700092,-7.45242983,0.6968
6816,34.35230544,-7.47203793,0.664889
6846,120.5669214,37.71920518,0.762774
6849,123.5708876,40.74752184,0.798745
6864,115.8359632,33.13356097,0.662
6881,115.9504232,33.81416016,0.763483
6902,151.882185,57.72950933,0.769791
6903,152.3819474,57.85260976,0.738773
6924,154.5541926,59.11959675,0.673065
6936,132.2404241,49.95525121,0.759953
6943,150.1753453,58.1368372,0.736948
6952,142.7815924,56.00766924,0.65971
6974,41.88380533,-1.24636713,0.691465
7013,119.5218308,37.70921808,0.740474
7045,131.4557451,48.71197074,0.74714
7061,151.9236867,58.09635437,0.685599
7133,153.6278984,57.29683546,0.6579
7156,176.9060709,62.01757491,0.778287
7166,167.0464249,61.4685588,0.681597
7176,157.417582,60.21921797,0.682592
7185,178.4967331,62.83759501,0.746484
7210,355.2246878,13.85452099,0.719854
7223,1.0376367,14.45546698,0.66379
7243,28.69689465,13.58466111,0.705453
7248,342.4355805,14.2450367,0.672157
7313,139.9082985,2.13111762,0.702667
7321,126.5505992,1.97015884,0.717807
7328,125.0152957,2.40467045,0.73723
7357,161.0399003,1.43966328,0.664805
7376,171.0906982,2.77266466,0.657731
7397,113.5704921,31.09165628,0.68363
7471,136.0216431,3.32536529,0.758429
7476,130.838971,3.5691867,0.716927
7497,134.1052148,49.49762962,0.78401
7524,136.8096817,52.75215049,0.753117
7530,127.5251688,47.28228525,0.714846
7570,128.5251028,47.32376274,0.670557
7575,118.8930899,39.69557445,0.709335
7610,160.7544305,62.47095459,0.761547
7630,227.3615971,57.74161684,0.701459
7739,146.5146668,3.91467474,0.754452
7758,120.4439979,2.68113625,0.661891
7763,142.8541484,4.3434027,0.738694
7846,124.1357841,1.86889581,0.722611
7854,147.9551462,3.36549018,0.696761
7895,142.9565478,3.67017461,0.779058
7941,181.0199992,4.81137908,0.792636
7955,131.660051,3.31910066,0.739249
7957,132.0992361,3.38865405,0.822804
7990,167.3445446,5.04537215,0.751417
7998,174.6433148,5.27624288,0.7255
8003,176.7749773,5.34382414,0.774837
8040,156.3159165,5.12401079,0.684759
8070,122.7595279,3.39009617,0.692088
8121,180.7837031,6.07708802,0.810604
8123,182.5683894,6.04206958,0.668057
8144,116.8422249,31.04088623,0.727115
8170,129.3621889,43.14229468,0.774189
8190,128.101343,43.10215126,0.847932
8203,119.3663838,35.72091119,0.794805
8205,121.5611661,37.8027269,0.715613
8206,122.6350233,38.91609282,0.704498
8216,123.4083201,40.18742936,0.760941
8218,128.1655727,44.34692497,0.747787
8221,131.0006478,46.35463668,0.713347
8245,220.9826548,58.72612281,0.686058
8269,256.223415,32.43176218,0.715877
8270,256.3678019,32.35434997,0.766732
8292,249.1911436,41.72954356,0.814037
8294,250.6823081,40.24647291,0.804276
8301,257.5915227,31.14792927,0.674123
8314,238.792147,51.38067453,0.812277
8326,251.979339,39.50534637,0.770854
8335,256.5665769,33.62938701,0.70517
8338,259.2120471,29.47657244,0.736996
8340,260.5022619,27.38172986,0.758426
8372,259.5929871,29.90981206,0.807024
8404,257.8001423,33.63258825,0.756883
8406,259.2103568,31.5424283,0.656569
8479,118.274826,34.16795055,0.73522
8480,122.4271497,38.5383357,0.744437
8490,142.2081356,51.56003402,0.686091
8491,112.0556123,27.45300471,0.695957
8523,134.7605476,48.84130836,0.753012
8544,168.203852,58.00016005,0.801083
8571,170.5903403,59.09970842,0.681607
8580,161.5074808,58.24537474,0.677948
8583,169.7250558,59.51732162,0.748861
8616,152.1951506,-0.74391703,0.672094
8624,153.862138,-0.24816476,0.705181
8633,181.6000362,0.03682381,0.665693
8636,147.4880817,0.6244263,0.699585
8667,222.0305451,43.50934802,0.737548
8703,176.1342779,6.70449858,0.720315
8773,146.7495636,-1.70600248,0.824022
8775,147.8637097,-1.75044075,0.704308
8788,153.7011263,-1.31469552,0.808562
8805,181.2033148,65.16704212,0.71262
8837,229.0249681,2.69291825,0.808551
8842,242.1164798,1.68446117,0.696873
8850,192.7692804,4.37367519,0.703375
8904,209.3504859,4.55464042,0.753776
8943,194.3397792,5.13636845,0.69889
8968,224.9255093,4.08779884,0.794628
8987,192.8194453,5.68225249,0.792127
9031,191.0874128,6.09006013,0.728053
9036,199.3352894,6.01440512,0.65185
9042,205.3445694,5.88061546,0.787639
9045,208.858567,5.72940625,0.822532
9050,213.915198,5.60494553,0.797452
9061,225.8862042,5.00403437,0.708415
9070,228.4258394,4.87057734,0.797336
9087,119.1807423,-2.21002596,0.650939
9089,119.1774788,-2.18677984,0.672953
9090,119.1668934,-2.25097377,0.680197
9092,119.1626104,-2.2784326,0.691498
9116,115.9819817,-1.59941719,0.723766
9149,119.1285482,-1.28183255,0.697139
9151,119.1479914,-1.29692986,0.693879
9189,120.3946619,-1.07816559,0.669048
9205,119.1804722,-0.54960565,0.726831
9221,119.2556241,0.0064076,0.664402
9222,119.2018609,-0.08634273,0.675023
9224,119.2135012,-0.08977813,0.684938
9225,119.1939187,-0.00643823,0.690894
9227,155.083251,-1.1606618,0.767762
9234,218.4625023,62.27008471,0.728637
9239,252.4073558,40.57958397,0.664337
9292,262.3466858,27.27954277,0.742132
9303,239.5411117,54.59158502,0.676989
9305,241.2735562,53.45434608,0.823179
9314,246.6935847,48.9646846,0.695609
9330,258.5642196,34.56036046,0.790813
9362,264.3807524,25.04361494,0.846025
9375,249.5373864,47.7640157,0.793718
9401,251.0307126,44.57129669,0.74704
9473,160.677085,56.87083268,0.681986
9479,169.8713171,58.40536914,0.709091
9517,171.8975099,58.92416135,0.785216
9553,148.2853122,54.36296476,0.781419
9579,207.3352029,58.03627145,0.742745
9668,185.2602958,3.74032611,0.745962
9745,185.4149651,5.03104016,0.659316
9747,185.6050147,5.04178283,0.779002
9752,193.8368853,5.1072318,0.777583
9785,182.5369717,6.01682293,0.755536
9849,253.5591156,37.39334795,0.697253
9856,261.1770383,26.60902543,0.742402
9871,245.8824404,47.12232147,0.684751
9899,142.0480104,-0.82398544,0.769991
9900,142.5103248,-0.84526057,0.677702
9921,197.3626355,60.92436199,0.670125
9937,181.1273733,61.96771541,0.727955
10089,184.3635698,62.05466383,0.675801
10143,250.8724041,36.39363229,0.66726
10186,261.4048499,23.88172098,0.665937
10187,261.4130624,24.00618926,0.696607
10195,253.2865492,36.06504759,0.734166
10210,178.6489902,61.26983957,0.658426
10214,203.6016135,59.969378,0.808145
10227,207.3159172,59.81636552,0.743299
10229,210.5258055,59.28001032,0.796971
10312,214.3153229,59.27748412,0.783094
10318,225.7173482,55.75652182,0.750018
10329,211.9418878,60.19931088,0.785009
10383,233.8671998,1.42138003,0.782729
10384,235.8183511,1.30878124,0.76734
10389,233.5449958,1.7864382,0.675461
10411,250.6945584,36.52125247,0.74614
10449,256.5396924,29.93091166,0.785542
10456,244.6139159,43.66845673,0.654461
10489,255.6020333,32.88095523,0.652031
10492,255.8709027,32.19239931,0.747194
10494,256.8424923,30.96413918,0.772524
10622,224.2608844,-1.97863687,0.724711
10638,221.4168939,-1.71843841,0.72979
10691,261.9978315,26.45985962,0.727766
10717,258.5546349,0.52068609,0.670476
10718,244.6508584,1.15612626,0.74613
10736,221.3326835,-3.27466272,0.717686
10739,229.0905598,-2.95927931,0.658429
10751,220.0341097,-2.33644981,0.69496
10752,222.8163768,-2.20869839,0.782617
10755,231.0109219,-2.0513073,0.78918
10756,236.6686665,-1.79836653,0.743568
10790,215.9905556,-1.12762884,0.713644
10793,228.6609601,-0.97343377,0.675118
10801,318.1913771,-0.60503504,0.714143
10825,223.2912657,4.85121408,0.682636
10846,217.8670573,5.93854638,0.775231
10872,214.8919797,6.66909823,0.793275
10905,238.0993013,4.61037841,0.778296
10914,218.7185912,6.74811937,0.744839
10943,224.3198327,6.77997796,0.69229
10963,250.4104752,75.14425809,0.79532
10984,267.0484941,53.15193008,0.795831
11001,265.6643704,60.29286603,0.713718
11065,331.2494472,-1.03414602,0.752701
11082,338.6023011,12.46315999,0.686968
11088,346.834281,13.09978631,0.75369
11106,351.3175087,13.93539583,0.759681
11110,2.58600668,14.21874976,0.669537
11112,6.13004901,14.26028996,0.693783
11131,351.7878146,14.40136821,0.752845
11169,2.77656724,15.52470235,0.714297
11198,322.6549911,10.07335423,0.680241
11238,350.9753945,14.29283529,0.681007
11250,353.444311,14.72673978,0.747702
11252,2.66973282,15.07196172,0.683655
11311,264.9465586,49.83316248,0.677727
11367,333.2892028,-9.30895619,0.67084
11372,349.6103055,-10.47702518,0.659543
11417,247.5581801,77.05776113,0.677922
11428,264.3348204,60.42629435,0.769258
11448,264.1192906,62.2605516,0.713834
11468,254.2119912,76.10687669,0.671475
11490,267.9800694,53.24030873,0.657726
11507,259.4341083,73.05910436,0.760057
11527,251.1841334,79.31146017,0.78919
11532,256.1017119,77.08088466,0.779924
11561,247.2038872,81.74892804,0.726283
11589,270.9654002,49.4405666,0.733655
11591,271.541756,46.61016537,0.705602
11637,344.5119708,-1.0517052,0.676125
11642,355.1857981,-0.88790521,0.766956
11704,309.872796,-0.55286083,0.736008
11734,354.8148799,-0.05469326,0.705469
11759,26.70158129,0.68557406,0.668676
11797,11.28206293,-3.3671389,0.692077
11832,11.7876024,-1.21912836,0.661583
11838,31.61454013,-0.89873989,0.656989
11841,22.67848602,-0.07036991,0.693812
11872,353.7681112,-0.19027396,0.777775
11881,11.40184264,0.22534652,0.672324
11929,118.7941682,28.69964162,0.720641
11937,132.5301736,39.95597514,0.741544
11958,117.0108801,28.4055263,0.830416
11975,115.5608143,27.46289104,0.739637
11977,115.9459851,28.03050833,0.743103
12063,20.57748696,1.25689675,0.680482
12068,140.4150821,46.78925267,0.742426
12138,155.684709,54.05348943,0.743454
12161,155.9226493,54.41477297,0.761818
12164,163.0725263,55.97134234,0.721955
12177,159.7873436,55.74724997,0.749753
12192,15.25656873,2.85E-04,0.68552
12209,144.1443427,45.71832269,0.760781
12220,130.3790156,38.69503116,0.651243
12256,145.0801627,47.77732687,0.7216
12320,9.83455909,2.88933536,0.826692
12332,9.03539106,-1.29720237,0.768186
12342,8.71717179,-0.57307428,0.655147
12388,138.5837926,43.81917609,0.771256
12392,143.3794179,46.32697926,0.676228
12444,137.1749466,44.73085731,0.726496
12450,114.2423674,27.0145613,0.810571
12480,26.13017778,0.76093014,0.759091
12488,157.7875687,50.78550116,0.715074
12490,170.290636,53.0739298,0.675943
12496,181.2830816,53.89750696,0.82726
12513,171.3380281,53.79455052,0.770267
12562,184.3062504,55.38721738,0.801977
12578,174.0352807,55.30777217,0.708241
12649,126.426297,39.15058671,0.758671
12655,139.7160101,47.83267256,0.739729
12666,122.9706875,36.99007124,0.662028
12680,117.4561405,32.16412961,0.750978
12683,135.3311075,46.46449686,0.789648
12689,110.7973564,24.927895,0.7021
12721,127.6047718,39.91663732,0.661331
12750,116.7117825,31.03737122,0.721407
12768,119.6389702,34.77878319,0.703414
12835,166.9067781,56.1316137,0.771249
12872,182.7304568,57.89283831,0.751729
12874,186.732587,57.74891206,0.817247
12900,165.9091356,56.8221537,0.728684
12916,183.5480727,58.20218799,0.723315
12957,119.6960152,26.85983265,0.694291
12962,122.4735995,29.28437871,0.784171
12975,146.9044316,44.36699077,0.798315
12994,171.807308,50.6225693,0.785456
13006,213.203227,47.73161054,0.734795
13028,144.9337428,44.10044324,0.722129
13035,158.6992584,48.74807375,0.733242
13042,166.3015643,50.2342606,0.776942
13057,186.5878381,51.83576289,0.766851
13063,192.7894745,51.50347995,0.7623
13076,120.1639488,28.65397521,0.683546
13081,122.881644,31.06690527,0.674733
13083,127.763786,34.64292609,0.651719
13097,136.7206024,40.46019453,0.671067
13111,153.1739409,47.51376053,0.785072
13133,183.9504647,52.12686342,0.818581
13153,121.7072436,30.40247502,0.76784
13158,129.4441372,36.65618718,0.732106
13174,150.2204152,47.02266533,0.75368
13183,167.8370242,51.2691611,0.809894
13184,169.7787334,51.70946257,0.719981
13206,212.4320738,49.37756635,0.743656
13242,175.0661195,52.50252035,0.740579
13253,191.4398333,52.9507716,0.828485
13272,144.8822297,45.90368213,0.737206
13286,172.6027583,52.80864995,0.715475
13289,179.4490366,53.23442482,0.788101
13299,194.722462,53.07450183,0.670266
13307,149.7776303,50.82921991,0.671261
13381,141.8056743,42.36343378,0.808184
13383,144.0846814,43.5766822,0.812925
13392,129.7939476,36.05231007,0.723765
13396,134.5094783,39.06364059,0.658598
13399,139.0748132,41.50922533,0.735801
13421,123.1020152,31.86637406,0.799568
13433,134.7968097,40.29477303,0.67226
13456,40.18664432,0.32853869,0.673878
13484,153.3521762,48.2450619,0.670663
13489,149.6889784,47.57595254,0.72118
13495,143.9143365,43.43051397,0.679857
13519,155.5181036,48.15140723,0.722063
13566,193.6403551,52.11617178,0.667044
13580,161.1904289,50.33297702,0.715134
13582,167.5355469,51.48716123,0.762391
13596,194.4112921,52.43257306,0.773241
13599,204.4253628,51.23232411,0.774821
13612,178.7132433,53.01541017,0.766851
13634,188.3954839,53.50417254,0.73029
13640,210.0420749,50.86084929,0.730556
13666,121.5197375,26.3166515,0.695798
13767,114.4177713,22.44112663,0.8128
13788,157.6549252,47.22912653,0.720755
13800,149.3699246,45.21497959,0.809777
13838,139.3762525,39.68074885,0.729606
13892,128.1115138,32.39244954,0.714079
13895,129.6313731,33.44229224,0.780843
13913,136.1276736,38.52555292,0.77971
13916,129.9005395,35.27113515,0.654569
13932,156.4362119,45.39013771,0.722457
13958,199.5059562,48.12199286,0.80938
13982,148.2492949,43.00001611,0.700214
13997,166.9308206,47.94298527,0.744372
14006,173.8186885,48.94909168,0.778054
14037,143.1277783,41.47677234,0.689053
14061,197.3402706,49.26645107,0.767718
14081,136.0520603,38.46825441,0.688685
14086,142.1386318,41.39165789,0.71175
14095,158.2427934,47.06730862,0.724417
14168,180.251269,50.71556337,0.671267
14173,182.5496219,50.77051042,0.751339
14180,185.2514678,50.64267057,0.810889
14240,217.7498644,46.37980021,0.687725
14275,156.0137363,5.88009202,0.715631
14332,149.1261778,6.19461549,0.727005
14337,157.6609732,6.70492276,0.678459
14345,167.3418212,7.34096248,0.670458
14371,157.715467,7.11445792,0.716534
14402,167.9294448,8.22286931,0.674764
14403,168.4596204,8.21651305,0.693399
14466,207.5219872,57.80943354,0.739557
14533,167.3157677,6.58734713,0.673749
14537,175.7725199,6.92092042,0.776169
14574,167.1248069,7.0873765,0.725017
14579,170.6825408,7.15347895,0.769375
14611,155.1843471,6.74088469,0.746656
14621,166.5939613,7.53134182,0.770787
14647,125.3299965,4.6010529,0.657449
14666,160.2180812,7.47879021,0.689276
14700,150.5203523,7.27482918,0.707088
14728,146.6541373,6.80051373,0.770896
14764,209.1689664,7.98089914,0.72148
14852,145.9028268,7.45092483,0.791048
14892,193.8162244,9.61229926,0.702655
14903,210.3646412,8.73999338,0.736402
14910,212.9650711,8.50080451,0.782505
14921,131.6826602,6.07102153,0.693206
14927,152.6301278,8.48417264,0.66643
14969,193.5990662,10.06508071,0.720116
14989,210.6778039,9.16444619,0.868693
14995,216.2081917,8.6991367,0.782496
15014,132.8432327,6.67877556,0.815521
15023,144.6679819,8.13718348,0.665295
15141,187.3671153,10.92769232,0.69657
15158,206.7588177,10.14037867,0.726926
15180,186.4120315,68.33137309,0.780421
15184,185.6519049,60.67105312,0.690515
15303,184.734436,13.47840278,0.801852
15327,224.0506098,5.73214486,0.827401
15331,233.4268393,4.83957169,0.715135
15333,231.5379791,5.38466728,0.652108
15380,211.1345258,51.23474874,0.693741
15401,200.7550165,53.58584023,0.770207
15435,183.3440311,55.18095643,0.708482
15457,150.9381329,50.50313137,0.654064
15480,195.910221,55.10215206,0.78366
15486,205.0125845,53.96338031,0.822199
15510,181.6318279,55.90646726,0.679235
15596,232.5620561,42.60205708,0.840343
15622,233.7094584,42.43654441,0.783599
15639,253.6450787,26.39599289,0.652155
15654,219.1479669,49.41682745,0.802817
15737,255.8402528,25.82884399,0.736685
15739,258.5013386,23.01079747,0.754569
15774,224.7350445,46.65399158,0.802122
15778,231.933441,43.06812766,0.715408
15804,235.6009352,41.62370474,0.78541
15809,239.0018825,39.26400449,0.787826
15830,227.7296989,46.14745096,0.784263
15877,244.8841471,36.03644609,0.796425
15900,245.6206343,36.02792838,0.659749
16007,232.5369589,49.05218774,0.747828
16045,246.0834752,40.86457996,0.78692
16053,250.5663873,29.31981043,0.686133
16090,250.3820626,31.21990515,0.771828
16107,243.9792988,37.95541629,0.670627
16121,232.8939498,45.04370533,0.704001
16156,227.8858236,48.57664967,0.650044
16172,243.7897182,38.76777943,0.694574
16173,243.927895,38.60331667,0.706866
16177,245.2515175,37.35896683,0.776342
16201,243.6366603,39.53336915,0.699251
16211,250.8365566,32.73569665,0.697483
16212,251.7294686,31.88553484,0.813543
16239,246.5726077,37.46345946,0.734259
16250,228.8837551,49.61927948,0.823546
16256,234.236747,46.83210132,0.675237
16267,246.0174915,38.67300162,0.705221
16303,229.661553,49.78713149,0.675775
16319,251.4781107,33.1605156,0.696133
16362,258.9357333,24.53484927,0.76058
16376,233.1628683,48.84628298,0.65864
16380,237.9630435,45.98440842,0.74647
16388,246.851357,39.07051113,0.745003
16389,246.905549,38.89671716,0.719027
16413,222.0192667,54.60211496,0.733873
16435,245.1877332,41.26070987,0.817593
16436,245.3773625,40.90022674,0.739324
16523,250.1173766,35.62256595,0.756157
16530,255.1498897,29.91427383,0.72058
16551,237.420413,47.16273188,0.751075
16603,203.600436,7.42829603,0.655633
16617,332.2756046,-0.7464975,0.653622
16669,31.58735111,0.50854309,0.692811
16706,4.6563164,34.15042681,0.722119
16714,2.09983105,33.02712946,0.787388
16749,266.1578948,47.00206986,0.793953
16751,266.2531468,46.0923239,0.754821
16779,263.4537087,57.89099635,0.664586
16812,352.6413708,-1.19540024,0.713459
16876,16.50770751,45.87778438,0.655548
16904,11.65068139,40.97426854,0.727725
16914,8.65981347,39.43099185,0.797694
16922,13.71600941,44.73081185,0.658825
16925,3.99715917,35.76793165,0.775228
16947,341.1706267,-0.06619006,0.678507
16973,40.60119259,-1.16670691,0.675707
17039,358.5100095,-1.07621203,0.659905
17042,28.61476783,-0.79580299,0.692948
17051,7.72054341,0.54241005,0.722278
17070,353.2539518,-0.42239205,0.671015
17102,45.69861696,0.96531904,0.706967
17115,50.34271836,0.24185573,0.787335
17134,140.1083943,36.2455011,0.804202
17141,155.9088448,42.3712066,0.73603
17162,146.0176834,39.39443942,0.700316
17174,119.1087196,23.67167034,0.748533
17184,139.2990991,36.96536782,0.765972
17218,150.5819161,42.19863749,0.759188
17265,120.3539582,3.44752683,0.757833
17286,130.0613461,5.63557928,0.852897
17292,142.4779825,7.29248094,0.721424
17298,137.6190579,7.18758227,0.790626
17313,137.6553978,7.59755875,0.705403
17435,145.7247402,8.95989685,0.698974
17446,166.1623771,8.55014393,0.687436
17507,164.0175643,9.73841712,0.704966
17508,164.7518326,9.67770317,0.728749
17525,193.7367227,10.19252063,0.674798
17530,166.1894392,10.27942654,0.707454
17534,176.1533991,10.68423537,0.78019
17562,122.8018624,25.65380294,0.68364
17587,180.9187188,46.40418248,0.749012
17641,184.5468793,46.91751849,0.676069
17685,144.701393,40.073041,0.656815
17701,166.1187067,46.27018346,0.748835
17723,153.9493566,43.90856242,0.701519
17740,185.0730731,48.13599295,0.715473
17749,167.5780364,47.37168914,0.76522
17788,163.1361666,10.98564888,0.74454
17793,146.0123099,9.37370593,0.792721
17833,120.7414652,6.00525751,0.761414
17892,123.8015919,24.38877617,0.845893
17903,143.3396714,35.56234339,0.73315
17914,115.6254239,18.45990451,0.677601
17918,118.1872042,20.579853,0.774769
17964,139.3534346,34.52603068,0.715351
17983,125.5616736,27.01963313,0.667467
17985,130.3654974,30.26317991,0.654936
17998,146.1173705,38.12748115,0.770617
18000,147.3183326,38.35453633,0.676387
18069,172.4274181,44.06701237,0.730042
18074,168.2902976,43.8859805,0.710058
18077,172.5320692,44.44995658,0.754857
18084,160.0984253,43.08901666,0.747767
18123,121.9610671,23.1576146,0.725164
18168,131.1197788,31.35653335,0.762552
18204,138.320354,33.86828332,0.662668
18267,46.83528857,44.15939466,0.681138
18269,54.38958075,40.07761376,0.679486
18273,54.52803536,40.73328349,0.715813
18275,43.27722557,46.93586935,0.701119
18319,43.57692476,44.2233032,0.699234
18328,40.49396212,45.95057307,0.790451
18329,43.0259736,44.9244206,0.703376
18334,39.84225206,46.47050042,0.654571
18341,54.33852244,40.052747,0.706822
18343,42.11883284,46.19924519,0.744196
18345,50.80895201,42.47002577,0.750181
18359,48.04295309,42.43743351,0.650843
18372,55.75295482,39.33795125,0.661263
18375,44.98171526,45.77493646,0.684441
18390,119.0273373,4.72970078,0.759492
18400,142.6300994,8.70675834,0.737488
18421,147.9880724,9.90716328,0.745587
18428,118.4720186,5.47587838,0.697486
18432,121.3902799,5.97823617,0.772442
18433,122.284017,6.08366395,0.783664
18434,123.4888402,6.26981331,0.702311
18441,138.1952504,8.93858113,0.836598
18446,146.1496368,10.04126062,0.741665
18458,156.8147312,11.35789146,0.690824
18502,148.7280999,11.35756816,0.730432
18515,158.0128849,12.3542773,0.684604
18528,171.3962406,13.34274502,0.80495
18534,181.8193093,13.82119206,0.754243
18550,147.8859018,11.33500534,0.658953
18580,176.7183652,14.07159572,0.743459
18604,145.306112,11.23813534,0.76533
18608,147.7979257,11.81815746,0.750776
18612,152.1929906,12.44604349,0.674314
18627,169.0368214,14.19857761,0.675401
18629,170.1580794,14.16824219,0.758703
18642,120.6056094,6.66078147,0.696449
18670,159.1904911,13.5962459,0.695761
18683,166.8559038,14.49478744,0.687862
18697,122.9857791,7.76485152,0.74173
18700,131.0921762,9.53642585,0.832502
18719,156.3493775,13.72899382,0.674036
18734,167.2068201,14.89928236,0.707757
18744,178.0568114,15.3713695,0.713192
18745,180.3691157,15.38400306,0.724116
18747,187.0310839,15.4922927,0.677313
18772,152.6110174,13.67978531,0.73287
18788,168.317803,15.40732661,0.759554
18800,41.71611339,42.72210665,0.755848
18803,42.97464378,42.13596536,0.718373
18804,43.07069149,42.13900399,0.740086
18806,47.01697014,40.34890474,0.758368
18808,35.53903758,45.26467189,0.68223
18809,36.23875574,44.86595456,0.781452
18822,35.08071983,45.80904691,0.744393
18824,38.88461935,44.68439991,0.747811
18835,36.64633965,45.76194639,0.741282
18836,41.13798376,44.15790747,0.770739
18838,44.82964636,42.87664301,0.680786
18852,46.24449618,42.60440795,0.788006
18854,49.96329642,40.89683198,0.671931
18860,41.60611641,44.95411382,0.655764
18873,129.2152683,25.82733906,0.711806
18881,117.1892548,18.19319795,0.690416
18939,134.6833962,30.51058135,0.720215
18942,136.8614855,31.64807427,0.688321
18954,115.2714837,18.86638319,0.654126
18978,31.24551367,45.61577075,0.692316
19004,48.03486172,40.24428967,0.703101
19005,48.70803077,40.26743321,0.719519
19009,44.82160616,43.04150889,0.664901
19012,57.26331115,36.78687733,0.68645
19058,150.4514776,36.49956698,0.780461
19073,127.3414021,25.88631701,0.793044
19115,144.6314012,35.31737862,0.69301
19127,116.5699349,19.63684229,0.709327
19132,131.0885561,29.10376177,0.668072
19144,155.2820028,39.29164086,0.722906
19217,158.2218139,40.06622272,0.775243
19244,191.3831035,50.01647007,0.795378
19264,194.8159013,48.94547549,0.689923
19293,197.5942522,49.77647805,0.655611
19311,225.531297,40.89248812,0.756849
19326,216.0947911,45.17731365,0.760143
19333,214.8523489,45.95856712,0.838183
19349,220.5299035,44.710366,0.809569
19402,164.5126688,56.28576513,0.655812
19408,182.51906,58.07048392,0.783077
19436,189.123643,46.22732748,0.660691
19440,157.0125642,43.1322389,0.692371
19474,164.9107454,45.36449727,0.670114
19494,157.4706546,44.26960411,0.778841
19508,177.9268775,47.46828703,0.686103
19562,203.8164441,44.76168744,0.801627
19564,204.3088794,44.59092214,0.790627
19594,200.9444781,46.05953596,0.770935
19633,203.0321201,46.70744138,0.674595
19648,194.9663019,47.91485408,0.717099
19673,155.8339996,37.37280466,0.730757
19676,156.6818008,37.77115941,0.761421
19682,160.7899396,38.6410096,0.740549
19697,147.7452526,35.21038728,0.771074
19717,162.9444186,39.58528428,0.709543
19746,161.5374992,39.73438666,0.809387
19755,142.5913101,34.26897276,0.714755
19769,151.9756692,37.57969255,0.794964
19775,162.6429981,40.39509849,0.677177
19856,213.4151884,53.41444257,0.770726
19867,235.4528457,44.37197741,0.754898
19878,258.8665575,22.79402671,0.654959
19898,234.5693555,45.46951679,0.768815
19918,250.7905244,32.52128814,0.69963
19942,217.7018064,53.34450811,0.807364
19954,235.355716,45.52166334,0.655401
20021,248.5037046,36.1903377,0.701145
20039,240.4352316,43.41919782,0.686575
20051,202.4075464,55.04682012,0.664935
20071,212.5666004,53.4410341,0.761797
20113,222.4135668,51.31849808,0.786491
20151,208.392645,56.17252258,0.801825
20188,210.2048901,43.56365745,0.731136
20195,218.8017253,41.06620154,0.725324
20202,202.279327,45.53191651,0.661752
20208,221.2464125,40.87605516,0.821523
20223,207.9444772,44.95007851,0.772173
20257,194.3800219,47.35146702,0.748648
20266,204.8732692,46.01522408,0.806806
20276,221.5189085,41.63084259,0.672325
20280,225.8416796,39.91838754,0.654249
20287,192.0366795,47.9510045,0.706531
20307,222.0035831,41.94603837,0.69333
20331,202.5707279,47.3144599,0.749889
20333,208.5209133,46.30046259,0.673345
20363,249.1397978,24.12728793,0.812012
20389,247.93394,25.74753735,0.733191
20401,228.5086813,38.25634524,0.803012
20410,237.3431089,33.64217205,0.775385
20435,254.9732027,20.36522097,0.720131
20447,231.2317662,37.49899713,0.761912
20477,246.7269685,28.40413072,0.758003
20539,179.4512458,12.03968984,0.669251
20546,183.0656543,12.1704121,0.654805
20589,174.2864987,13.25073252,0.760868
20657,177.1490371,43.72199964,0.796118
20683,235.5061879,31.21256094,0.662366
20686,241.1278642,27.85178266,0.776643
20701,182.6881657,44.49241094,0.693468
20726,225.8517772,36.4094597,0.733543
20731,228.6006119,35.33313988,0.661004
20792,236.9423476,31.43073719,0.757549
20852,146.7667382,38.9016648,0.675885
20868,167.7261255,44.4926149,0.659926
20869,167.7418237,44.33219625,0.717058
20978,229.9839172,34.02669297,0.710919
20990,179.5975219,44.23011662,0.839868
21011,213.9703935,40.48500364,0.779471
21039,189.6975362,44.66663159,0.701582
21069,233.166002,33.23650254,0.758873
21070,233.53238,33.19669967,0.774523
21082,186.292983,45.18031084,0.65359
21090,191.3624087,44.91972134,0.788906
21096,202.3327809,43.68085515,0.849503
21149,200.8099661,44.43293954,0.793343
21174,155.9402749,42.09745894,0.694512
21234,148.639009,11.73864531,0.667456
21252,159.9993234,13.60866501,0.761572
21253,160.7401589,13.54867671,0.823131
21254,161.3400898,13.71386194,0.800078
21293,149.6297346,13.52104424,0.809627
21298,159.9135041,14.8989885,0.653853
21326,200.6669315,10.99332655,0.672407
21346,224.2277144,8.84052813,0.799332
21370,239.6391596,6.28880104,0.76279
21456,156.6983322,11.01318528,0.750845
21494,217.7505712,10.48956908,0.668024
21516,228.3736637,8.94578819,0.76864
21528,160.9232615,11.80762399,0.725613
21534,168.7718234,12.30974824,0.765679
21540,178.7426297,12.83623288,0.69705
21555,206.4413167,11.97141228,0.675906
21556,209.4074954,11.66315892,0.77131
21645,226.8740812,10.01609259,0.691411
21673,210.7560973,12.48459332,0.814874
21676,211.6633538,12.38282744,0.72595
21692,232.5412356,9.6810036,0.760674
21701,245.1091452,7.43387994,0.781039
21715,198.7535856,50.88992095,0.693361
21736,195.4946808,52.1444386,0.695598
21737,196.592762,51.99855404,0.711319
21778,192.712071,41.01323309,0.792269
21874,187.1157878,43.10092269,0.784488
21881,164.0747365,41.60185853,0.76455
21924,198.367376,6.23785042,0.758375
21931,179.2802345,6.67573574,0.689009
21934,189.3771126,6.63154186,0.723388
22035,172.4150221,7.79356176,0.732269
22075,180.8885779,8.39152507,0.675244
22142,199.2429226,7.22519054,0.761795
22167,214.6972434,6.74764031,0.783087
22191,215.581322,7.13132439,0.68151
22286,229.3811459,32.53430624,0.72471
22321,212.5814297,38.93702788,0.797522
22336,158.5317986,39.70092661,0.690004
22346,179.3725139,42.65006991,0.772247
22352,188.4195218,42.70600475,0.752968
22372,216.287086,38.378661,0.679487
22395,183.1649291,43.28061777,0.748016
22496,209.7727416,10.66685425,0.709982
22500,218.0133474,9.79915277,0.789249
22534,206.1471012,11.32574211,0.697413
22558,230.1266903,8.53677135,0.759094
22596,233.6777391,8.33513308,0.774316
22606,252.9617659,4.97546331,0.745465
22664,231.3896069,9.53885828,0.714692
22666,233.552751,9.31012024,0.76055
22678,240.2273708,8.08963509,0.661068
22682,252.1178136,5.87130544,0.792693
22690,130.1182455,24.38913791,0.823546
22719,171.22515,37.92535612,0.798659
22722,181.5957522,38.90468136,0.658835
22749,219.0378229,33.62682156,0.770667
22809,176.8860038,39.09125431,0.700046
22810,177.2926953,39.0314899,0.6506
22827,207.8631892,37.01644526,0.746386
22851,231.5050805,29.16625039,0.651048
22855,235.17677,27.3354505,0.733767
22918,185.0908305,39.68528593,0.660789
22924,190.2304571,39.63967367,0.801862
22925,190.5656275,39.56604937,0.784285
22936,203.4544132,38.13412401,0.690364
22943,217.7436305,34.93007434,0.771064
22945,218.1648992,34.66203683,0.759918
22959,250.2269584,18.94778289,0.726221
22979,155.3554221,36.20066783,0.673666
22983,158.7488945,36.97931008,0.661509
23028,217.420446,35.5223672,0.745957
23030,218.8385394,34.89331262,0.756125
23051,240.9522748,25.17105576,0.757244
23059,245.6795188,22.45997038,0.808925
23061,247.3114042,21.38921501,0.731883
23066,253.6460147,17.13976137,0.819355
23067,253.9374063,16.97657213,0.75428
23075,141.2082579,31.84251332,0.758195
23078,145.4233179,33.50380204,0.769724
23103,190.6221808,40.40594193,0.67764
23109,196.1890529,39.94426832,0.758127
23218,249.2733776,21.12103573,0.779949
23222,189.2033033,8.98326371,0.746851
23287,227.3681447,6.84320996,0.771358
23302,191.7709025,9.93477013,0.686177
23326,212.1689142,8.85045339,0.718153
23352,239.0291398,5.8026623,0.795237
23378,209.5478146,9.51978746,0.756344
23442,210.0616096,9.86667077,0.75827
23449,214.1985196,9.42146932,0.766642
23468,231.2539161,7.76516349,0.685217
23469,235.987148,7.04779985,0.669222
23510,208.2235515,6.32332903,0.687195
23517,207.8760404,6.89025069,0.675326
23529,207.9531329,7.68873152,0.672713
23578,241.4279576,4.9023761,0.680711
23639,238.1808333,6.22574372,0.71995
23640,238.2936017,6.10278012,0.728253
23656,209.9791189,9.57768075,0.74654
23700,215.0077572,6.08286492,0.658215
23714,232.7060599,4.58390831,0.691532
23730,225.2509116,5.65314529,0.730627
23747,233.894626,4.7848853,0.765837
23766,228.6136228,5.70048865,0.761079
23825,240.061062,30.09134371,0.691537
23902,234.104137,39.89975766,0.656419
23937,233.0227833,41.02464903,0.846791
23992,240.1803182,37.11072044,0.789246
24059,203.7317799,39.73987197,0.6967
24060,205.1225043,39.43237953,0.694362
24116,228.77015,32.73993646,0.656087
24117,228.8004494,32.58978702,0.753866
24128,237.5790928,28.34462719,0.758676
24138,247.4192236,22.1770308,0.666956
24164,240.8628092,26.92737335,0.747987
24189,213.7828171,38.84805716,0.757855
24235,232.4750006,32.44480175,0.777012
24264,220.1869792,37.82146765,0.765186
24279,241.4606717,28.0442515,0.688175
24282,243.5347852,26.67745034,0.786996
24283,245.0270991,25.77836565,0.789083
24305,185.5502254,40.7077521,0.75112
24340,236.4336877,33.93814011,0.8119
24357,234.2453762,35.64165157,0.700395
24361,240.4586524,31.92216497,0.764075
24388,250.813404,24.68559663,0.753162
24397,231.8235984,37.84555707,0.702029
24407,251.9333129,24.35273835,0.777
24453,251.6036144,19.76951264,0.71831
24455,252.8804876,18.97156329,0.741786
24473,244.6490142,25.27332296,0.781315
24537,233.9506897,37.78301477,0.694143
24545,250.267847,26.00939461,0.710839
24571,249.7356173,27.19400614,0.793718
24608,240.7951127,34.7155042,0.701171
24630,228.4294098,43.13973662,0.787129
24640,243.5501799,33.90166068,0.727823
24646,222.5144921,46.0520002,0.669503
24684,244.4689873,34.1155193,0.695999
24690,225.5407587,45.75190818,0.784525
24703,236.2804505,35.49125488,0.669368
24754,241.4798994,30.25190874,0.701302
24784,198.0516646,14.65415104,0.728257
24873,216.7904536,12.94439903,0.742394
24902,213.7342748,13.85968363,0.771949
24916,228.2098767,11.66720417,0.745362
24944,230.1808081,11.5711439,0.807812
24951,232.0772545,10.02105538,0.692797
24968,241.509069,8.50666299,0.758352
24975,241.200463,9.06921988,0.656893
24987,241.1779287,27.63683671,0.66211
24995,226.4553058,36.51327657,0.701321
25021,246.8784373,26.44766686,0.743172
25059,211.6554339,12.53157807,0.695754
25065,226.4462294,10.38367885,0.766047
25067,232.1822602,9.27521302,0.753365
25076,211.2080072,12.9851316,0.760393
25106,216.5351041,12.66867933,0.752055
25140,217.2246549,13.00906842,0.780617
25142,220.0709833,12.78067697,0.816763
25186,233.2105905,10.94741252,0.769781
25216,222.5546421,13.08649222,0.733422
25255,242.5103842,29.76032037,0.68461
25300,214.4077771,35.59632146,0.761342
25317,231.8239426,29.21522362,0.67119
25340,217.7977215,35.20140731,0.785902
25345,224.4075548,32.83616746,0.790722
25372,247.2437245,21.26375306,0.80908
25397,235.4077859,28.4505116,0.799967
25419,215.1589858,36.83504927,0.715919
25467,250.9789634,22.3877735,0.74264
25477,248.9333713,24.80391522,0.683191
25478,251.5918109,23.05108512,0.684818
25487,208.7652018,33.7993864,0.70224
25527,216.6714502,33.14587499,0.761516
25553,211.4965432,35.48424499,0.763677
25575,238.9023491,22.9728084,0.757814
25585,226.7000125,29.12793193,0.676209
25646,234.42919,26.73537455,0.74459
25651,240.2165061,23.87746172,0.719924
25655,243.6482649,21.85855402,0.772848
25661,247.7352862,19.39372299,0.748369
25718,241.6050862,56.02614952,0.796955
25737,257.4038062,38.83390104,0.746168
25753,241.340944,56.96914763,0.78276
25825,260.7079927,35.39940525,0.689176
25830,239.0296487,59.53275821,0.765359
25839,253.3168728,47.22667532,0.813455
25847,256.7725823,42.80742384,0.665225
25861,219.6510239,31.22404877,0.749953
25869,227.2226347,28.55254431,0.714206
25870,227.2132502,28.61566348,0.732718
25921,215.4285088,33.41743099,0.818583
25938,232.7233726,27.15001132,0.784129
25981,242.4940684,22.73642555,0.767517
25989,217.0257721,33.81797989,0.712893
26010,223.4297469,32.30730659,0.774465
26076,212.206884,31.64150266,0.723739
26087,219.330005,30.20255069,0.675022
26108,354.8628264,45.40511267,0.67922
26110,354.9123952,46.40244959,0.730554
26119,359.1024122,37.01770858,0.720131
26124,354.6094626,46.16276309,0.719328
26165,289.1651924,78.51645358,0.796781
26184,356.7259819,36.15124353,0.759344
26191,359.8515617,26.54842803,0.656146
26201,359.2970249,29.70546361,0.801841
26205,359.8089855,27.676658,0.654391
26214,359.4833201,31.42405829,0.795384
26215,359.7514833,29.6279446,0.715563
26259,0.15581052,33.6007809,0.840733
26273,58.08426432,-0.30038683,0.662403
26294,15.04127507,-1.25354456,0.653084
26335,358.3334176,34.4182521,0.65445
26344,359.9981226,29.93081781,0.764952
26361,3.81150998,16.58925495,0.771081
26399,336.7898672,-0.62185905,0.656607
26401,311.7951232,-0.05664968,0.756503
26406,311.6793805,0.31828359,0.77634
26411,307.1563079,0.84334145,0.69747
26438,316.4377744,-0.81212547,0.695937
26442,309.7418319,-0.28130805,0.729975
26445,321.4850132,0.46762728,0.737339
26465,321.7921854,1.1033655,0.658298
26471,341.9046798,-0.74121701,0.681072
26501,45.42085619,0.90302948,0.680561
26533,135.4338242,60.15738393,0.818507
26537,111.2464312,37.78383647,0.79615
26555,141.8002591,63.6875329,0.721904
26563,113.7639079,42.78807819,0.652308
26573,110.221082,38.26813991,0.724233
26605,310.9940824,0.26733224,0.650916
26617,1.05307362,0.76703006,0.682421
26647,145.8726044,64.19646593,0.717263
26656,116.1612997,44.68916624,0.690373
26669,127.1333578,55.49993719,0.735891
26670,127.5551686,55.77075748,0.696355
26671,127.7346936,55.8354583,0.774757
26695,127.2487816,56.09344795,0.656652
26743,117.6014527,50.19670313,0.782377
26750,109.0723822,37.73046759,0.791568
26751,110.8161457,41.35387193,0.675598
26758,122.0015177,55.24891864,0.767653
26782,7.55176678,-1.13001567,0.691823
26811,359.9619012,-0.76890831,0.712365
26855,116.1168143,47.7321768,0.782211
26870,110.2703863,39.63592945,0.653966
26880,121.2940406,54.38339069,0.787256
26882,123.1395292,55.94275879,0.781451
26900,116.7155179,50.21362339,0.817662
26921,109.8136466,41.14801195,0.769659
26945,119.9298257,55.72717806,0.760311
26949,123.1567767,58.19166012,0.808449
26951,124.729224,59.72782707,0.738462
26960,24.10856868,0.48025289,0.651605
26966,118.87482,50.53722461,0.683034
26969,133.5855395,61.94952783,0.685812
27009,123.8195822,57.78232163,0.774412
27046,23.77337535,-4.87842114,0.662799
27051,24.52417774,-3.84144096,0.675431
27118,122.5668265,21.34193903,0.744886
27164,144.3528541,12.58863481,0.756112
27178,150.0616804,12.70338335,0.677817
27244,182.8773432,14.81041633,0.779835
27268,174.1606535,15.52149434,0.75403
27269,174.8145979,15.54687822,0.756768
27270,175.1923577,15.50190632,0.792571
27294,126.8322848,7.61551457,0.683911
27301,122.5401078,6.90727525,0.679442
27348,203.1325401,13.28094033,0.771732
27378,201.233176,13.97503924,0.783091
27381,204.9085146,13.5236307,0.765791
27393,183.6685644,14.91233755,0.760499
27427,189.1614843,15.26298835,0.715561
27432,197.5359154,14.9495842,0.663308
27435,198.9022302,14.92603546,0.741943
27437,203.9968182,14.64225082,0.726337
27438,205.4760128,14.31210146,0.766607
27463,201.8963425,15.18926261,0.797279
27542,194.7440473,39.39053639,0.728647
27547,203.3534998,38.35519493,0.800378
27558,189.1629566,40.26531811,0.794563
27567,194.9666256,39.97319161,0.830783
27600,205.1545785,38.9807607,0.772165
27609,191.0860173,41.022261,0.731999
27610,192.5417693,40.94397439,0.725742
27643,129.5078942,25.39233838,0.763964
27669,209.1225335,37.7041449,0.700131
27684,163.9023348,34.40822116,0.773655
27686,165.1532063,34.64659209,0.718403
27721,167.1052437,35.33076977,0.770023
27731,187.781791,36.70007622,0.742446
27758,179.4801257,37.12678376,0.753731
27767,151.0897066,32.53517656,0.74928
27785,177.6600779,37.43504798,0.653323
27823,164.8659045,36.81150363,0.705463
27844,190.7659493,38.24242085,0.758475
27850,84.0528777,-0.76164389,0.762464
27868,117.875701,17.40424733,0.735048
27934,159.5009968,36.69702941,0.71412
27937,163.5336392,37.52165964,0.851408
27942,167.9971544,38.2629191,0.760213
27944,171.8294509,38.66522393,0.813732
27950,117.0314451,17.29095628,0.694468
27972,162.0490021,37.63424907,0.784611
28013,159.2944164,37.41683157,0.800738
28024,163.859034,38.37715696,0.801619
28044,187.0599665,40.20092198,0.694953
28066,161.6855889,38.48476998,0.720819
28129,204.5454997,35.60398902,0.682626
28130,204.5506406,35.5803077,0.743416
28156,204.0531013,36.42153126,0.683748
28163,189.1663154,38.37904251,0.691302
28180,200.5649203,7.69247739,0.679969
28195,161.2164947,34.06176314,0.738132
28216,188.8147462,36.45355793,0.673399
28263,176.9297831,37.13959103,0.827124
28293,171.4600627,37.12575967,0.76467
28372,118.5893924,16.13453844,0.749258
28405,125.4852492,21.02452493,0.674904
28437,132.1475033,24.95908979,0.689842
28448,115.383924,15.63415323,0.696097
28495,205.3703232,34.82630288,0.732458
28587,154.8698551,29.38385208,0.706905
28592,132.9308112,34.02125605,0.699971
28620,128.2577148,35.16932773,0.784484
28624,140.6333509,33.80797642,0.652663
28669,115.9097629,15.13942996,0.700058
28673,126.8104242,21.9053554,0.650837
28691,118.2007885,18.1082126,0.72305
28716,139.8171667,28.35433659,0.754492
28720,140.8961309,28.82483163,0.709257
28780,241.1271545,20.1953081,0.733421
28859,160.9847268,33.45957628,0.787931
28913,217.0286905,29.775405,0.718744
28923,180.3969981,34.31210269,0.712809
28942,202.1433139,33.1475463,0.749443
28955,210.831392,31.69925724,0.777104
28967,173.6954366,34.36895729,0.762704
28983,195.6357832,34.32952804,0.757187
29056,192.3367748,35.50552766,0.753646
29099,191.1532278,35.93563948,0.744577
29104,197.3303367,35.53015268,0.777324
29105,198.5444019,35.42139138,0.686515
29123,127.0311314,20.26349923,0.675588
29137,131.6864923,21.67474053,0.664385
29141,138.8431436,24.89654844,0.738751
29146,150.8539492,29.16452415,0.748987
29154,130.4921203,21.61603434,0.666543
29156,132.4621524,22.5801146,0.814041
29162,144.1254757,27.31267595,0.697383
29182,142.900973,27.29697125,0.742606
29195,131.9115887,23.20071585,0.779266
29198,137.7771764,25.80503935,0.724614
29221,145.3511402,29.10643449,0.808314
29269,219.0525134,29.60161949,0.748495
29293,241.8313042,20.25948204,0.663005
29294,243.0414862,19.73480612,0.793859
29392,244.9864759,19.05624465,0.732007
29429,162.2314638,31.68282346,0.729518
29502,152.2819608,29.61628391,0.756445
29534,198.2235797,33.5364712,0.73938
29542,203.1845041,32.93272634,0.670932
29545,205.7155746,32.55777641,0.663692
29552,226.765459,26.70626283,0.739013
29563,238.0789687,21.98517429,0.806351
29599,171.83158,33.91932513,0.810728
29610,193.3670275,34.43181482,0.800203
29621,199.7835948,33.84439444,0.750735
29644,228.3146698,26.62882588,0.803504
29650,235.7292655,23.5706266,0.671892
29701,174.9484456,34.69338146,0.763187
29703,183.5059135,35.02077281,0.791222
29705,187.1451518,35.10268247,0.728444
29733,228.580128,27.0742673,0.753827
29753,136.5040716,25.37509307,0.700588
29769,172.1288037,34.86006884,0.654503
29790,196.9365492,34.96974857,0.764238
29818,124.5489196,20.01620121,0.698359
29832,172.7406561,35.3522974,0.748893
29848,199.3548462,35.03192553,0.758388
29864,218.3813242,31.24000545,0.68145
29868,209.3734286,29.05894226,0.786165
29884,238.8821891,19.45343379,0.770972
29887,241.4478322,18.38438856,0.75934
29901,210.957196,29.33118309,0.732306
29937,211.5119818,29.57029061,0.700668
29940,212.5813428,29.33312015,0.673769
30058,176.026101,31.59849205,0.739271
30074,193.9694361,31.65088811,0.801148
30086,200.6883034,30.88748525,0.784822
30090,202.7493353,30.60638847,0.675617
30121,192.1356608,32.29903445,0.773183
30126,197.9462653,31.70774484,0.796634
30128,198.6785966,31.65066492,0.745417
30140,202.5425893,31.28019553,0.827304
30160,193.6500807,32.52765161,0.700753
30163,195.1224089,32.36776228,0.693407
30167,198.706647,32.1641379,0.717553
30174,204.9506128,31.29219265,0.772781
30205,204.2560603,31.76654412,0.763681
30214,175.937864,33.23417238,0.667429
30247,246.8185895,17.39969874,0.788266
30258,245.9165167,18.93435287,0.716753
30287,191.1396995,31.08558975,0.692448
30313,217.0049412,27.23800414,0.722651
30322,161.4840991,29.50486144,0.797317
30348,198.6645572,30.95035527,0.801793
30427,167.2368571,31.34353096,0.790263
30429,168.2116487,31.37674523,0.827173
30483,164.4507734,31.43054606,0.754536
30486,168.5950353,31.88182093,0.781034
30539,179.2447036,33.28697299,0.698461
30580,229.8701651,23.99302674,0.736271
30600,234.4542349,23.62449829,0.670698
30603,246.244968,23.74475277,0.66259
30659,244.7375969,56.16965243,0.73681
30667,243.7291541,56.33919573,0.674841
30740,169.3990042,31.3999744,0.769909
30755,148.4244498,27.75404872,0.717101
30759,156.4600228,30.01810218,0.686783
30760,157.1565548,30.20983107,0.668552
30790,245.4611645,16.24827761,0.660478
30795,234.703152,21.70893076,0.66596
30818,234.6705077,22.44400732,0.827487
30842,206.1081764,27.28925333,0.75416
30877,247.490457,13.90651244,0.792709
30887,198.960908,28.62190937,0.762502
30907,232.1222519,21.00109969,0.702986
30916,240.2417736,17.65731322,0.768552
30922,244.0519441,16.02333812,0.725253
30984,241.2931028,17.7089974,0.738493
31000,202.5348429,29.15067335,0.683161
31030,233.5054079,21.33163093,0.770773
31048,210.8451289,28.29118698,0.660179
31078,202.0799222,30.01971366,0.783869
31091,223.0457588,25.68437251,0.684698
31111,209.0389019,26.65237011,0.824787
31114,214.3153374,25.56509632,0.798283
31141,252.4399059,11.31059759,0.780518
31172,216.4580556,25.49721407,0.674071
31202,183.5500601,29.74581187,0.754283
31243,244.473659,15.94008734,0.722974
31253,196.591514,29.65693412,0.779601
31271,216.4415441,26.24371623,0.782081
31275,221.4778399,24.9357728,0.738267
31301,197.4205589,29.90404532,0.678107
31388,218.9139341,22.85991054,0.668305
31403,212.2556618,24.66940044,0.779278
31429,219.6260652,23.42077392,0.691292
31440,211.1176111,25.79781975,0.70085
31464,234.9215408,17.45879803,0.759694
31473,241.1333394,15.19212391,0.662106
31551,206.802236,25.65081804,0.678591
31593,201.0442455,26.92409483,0.795348
31599,203.7657862,26.45638169,0.692512
31619,236.6316751,18.25146671,0.815666
31669,241.4393505,17.31375042,0.676918
31670,242.0385904,17.14592672,0.68134
31681,231.2459463,23.65365792,0.682569
31722,228.2178594,19.60174047,0.688604
31723,236.0763771,16.90440626,0.70502
31767,227.0493765,20.30074045,0.803143
31851,219.629706,23.24369874,0.746113
31862,235.6358317,18.26782791,0.752474
31865,237.6504976,17.64828064,0.67046
32020,214.4798899,21.92693538,0.743369
32060,212.2144522,22.95178609,0.759029
32064,219.6843161,21.4150151,0.696
32077,235.5645636,16.72340103,0.700319
32078,235.7418407,16.77735858,0.833195
32124,226.6552436,20.42507034,0.671902
32137,231.9591717,60.57014485,0.770373
32172,248.1747006,50.06756908,0.712305
32207,253.7895845,44.57538793,0.66908
32219,260.1810127,35.07522172,0.801637
32227,265.2931809,24.62953664,0.659088
32228,265.1592576,24.67199477,0.715324
32294,265.9986196,25.2054982,0.735797
32354,242.8600807,57.95708195,0.719197
32374,235.0354107,63.5224164,0.805263
32381,240.144982,60.78155082,0.735383
32384,244.3556935,57.7488324,0.80444
32398,257.6040377,42.7987878,0.691454
32400,257.6449238,42.495197,0.802393
32409,240.2168971,61.14242637,0.680132
32411,242.4069891,59.90761005,0.655108
32417,247.7398585,55.50861962,0.805982
32430,258.8138806,41.79781979,0.746726
32501,261.344958,39.24450007,0.714732
32512,18.76793737,14.98777322,0.711394
32525,20.57268918,28.7989072,0.824323
32531,18.91990234,19.03094337,0.701774
32532,18.76913001,19.10329351,0.651162
32541,18.6819922,21.43860632,0.721904
32557,17.80949384,21.12924049,0.7261
32624,345.0078565,22.0547105,0.709095
32634,358.5469844,33.44241356,0.741365
32636,2.83489313,36.22564213,0.817201
32647,318.163999,-8.54276788,0.790807
32680,309.0507973,-18.09463176,0.67404
32694,327.9783969,3.9631418,0.718231
32700,332.0530089,8.95125605,0.720375
32724,311.9574387,-14.2996993,0.698008
32735,336.2848006,14.66337417,0.727965
32751,305.1709784,-21.16283495,0.750415
32765,321.908855,-2.10104974,0.741933
32794,301.494441,8.26038583,0.719789
32809,254.1892171,28.18817443,0.666561
32816,269.2195876,23.89932318,0.745029
32838,308.1943194,5.04446894,0.681412
32865,329.2582261,-7.26529696,0.701848
32878,320.8097552,-1.54235391,0.692069
32881,325.631892,-4.5681079,0.719952
32910,19.20464715,16.31488009,0.70731
32914,20.72316539,27.14854519,0.753834
32915,20.98790028,28.6343441,0.798852
32927,18.82011068,16.90315972,0.760784
33016,21.67438388,45.64661538,0.660047
33017,22.3172407,47.86204883,0.718191
33033,19.70438662,38.12455013,0.651157
33042,269.0158422,23.23678644,0.695446
33056,270.0086726,23.38621404,0.779663
33097,257.6344609,28.5083572,0.670112
33104,311.1546382,4.18255788,0.734218
33126,314.7771338,15.39429383,0.754024
33149,312.418668,14.94059362,0.656732
33176,311.1161693,15.03445649,0.660598
33182,325.375008,19.48236949,0.765728
33191,350.9378353,24.01738488,0.763183
33211,14.15777917,24.31426427,0.765691
33214,308.6978054,14.5900321,0.769566
33237,316.1858264,17.68071496,0.778048
33282,6.72533661,26.02531419,0.664542
33300,49.34519377,17.13269505,0.835502
33316,44.95048983,18.86607849,0.738601
33334,46.45656164,18.84592553,0.745929
33362,39.02435179,21.61018124,0.766854
33397,31.64834456,22.5324124,0.67664
33401,39.23241227,21.03521239,0.740485
33420,320.5483719,-0.99242909,0.673777
33434,19.76515182,-0.1399221,0.718953
33455,359.5366507,24.03521324,0.75657
33456,2.42348385,24.02033879,0.730012
33460,3.88120229,24.13968306,0.679452
33523,30.67927727,1.19201145,0.695704
33526,341.0851489,-0.93792151,0.674886
33530,2.67593178,-0.90979959,0.712712
33533,64.72409915,-0.95258554,0.699398
33560,46.92346294,0.77123732,0.70881
33580,330.9663708,20.5846471,0.848824
33581,308.0730202,14.07103351,0.706657
33586,314.0935713,16.35004113,0.716102
33596,313.9950811,16.68820648,0.658295
33608,326.138203,20.72997092,0.700111
33610,312.4860872,17.02017126,0.814053
33622,341.5460088,22.18294382,0.803854
33639,343.2682459,23.82355853,0.665535
33641,332.2347227,22.20208233,0.723132
33648,332.7438587,22.77517691,0.722788
33679,111.8561081,65.76365406,0.806603
33698,97.38783364,65.40589218,0.691514
33706,84.14801112,63.58850712,0.775538
33730,98.90955,64.68867709,0.805432
33751,108.2434509,66.98416833,0.757898
33787,15.25613556,0.0027761,0.695042
33799,116.5992507,12.46526095,0.737067
33845,140.5087172,23.30673524,0.708651
33891,145.4153249,25.80724177,0.752374
33893,145.9608484,25.88955137,0.694213
33902,136.0972981,22.87821799,0.737681
33909,142.2993516,25.31936931,0.716022
33926,152.3577004,28.8067868,0.677903
33930,140.0824965,25.27348252,0.680629
33940,56.49591351,-0.2965245,0.720475
33952,32.39331014,-1.99369811,0.751596
33958,31.89834527,-3.13513327,0.739061
33959,31.94748329,2.26652233,0.742702
34029,115.2117126,9.98308634,0.744449
34034,118.2165418,11.9286952,0.775434
34043,121.4499057,13.16455266,0.771151
34050,125.7859174,15.59742367,0.78443
34057,120.2288801,13.39703902,0.772321
34071,5.37408533,-0.75380621,0.744707
34082,109.0537253,64.9731562,0.7195
34106,130.1603936,65.83084262,0.681536
34107,98.73554105,65.83639139,0.727633
34135,143.8160228,22.28066649,0.825836
34136,143.9516829,22.22864695,0.673561
34171,131.2693781,17.96034018,0.677279
34172,131.6620532,18.10726872,0.815032
34181,146.8612631,23.72290139,0.766984
34197,165.999792,27.93805531,0.793613
34212,120.6918423,13.76542646,0.751705
34229,143.6144847,23.0520908,0.751456
34255,172.1809134,29.04062921,0.727369
34269,139.7698796,22.18003745,0.661787
34276,151.3826387,25.80012117,0.659764
34278,153.5063754,26.27051237,0.761075
34294,173.9675544,29.53828412,0.703934
34326,164.9901055,29.01698479,0.776869
34364,181.498495,30.83491289,0.743177
34370,343.0075555,-19.72785126,0.677239
34379,355.2515667,-20.81611804,0.722135
34394,353.7743719,-20.38434564,0.701722
34397,356.9557382,-20.66406116,0.682152
34403,343.4052958,-18.95732369,0.779856
34406,346.1309399,-19.30792135,0.77891
34428,2.55627083,-19.95147886,0.7174
34429,2.662196,-19.77395555,0.800022
34448,347.1111104,-18.05291244,0.790514
34452,358.3921571,-18.824493,0.724955
34472,41.20639223,5.31229864,0.77343
34490,22.69004253,7.31759752,0.758368
34501,44.20105841,5.91458834,0.784899
34508,39.46535087,6.65826106,0.808831
34512,45.09540426,6.33472264,0.798235
34540,29.16116959,-19.64654046,0.738647
34586,57.99921242,-13.00495865,0.707754
34587,61.29808556,-12.07822651,0.718346
34620,32.44214469,-17.76603547,0.664902
34629,50.39416454,-14.21147291,0.711609
34637,59.41713273,-11.80863667,0.750909
34650,40.67352342,-15.9433872,0.80032
34666,28.23382697,-17.65016375,0.755789
34667,28.7721064,-17.36064005,0.749085
34751,121.6517685,14.02771531,0.763749
34759,140.6788976,21.80380307,0.811082
34763,144.497007,23.14580914,0.714371
34778,163.2432587,27.7047794,0.76698
34789,177.8945762,29.19119789,0.775905
34856,189.8074055,29.79341602,0.677931
34871,160.9817455,28.14731208,0.744278
34872,160.9842495,28.14698281,0.803006
34874,165.3615012,28.96042884,0.694126
34902,129.303374,18.88262703,0.654309
34943,166.5958859,29.99352306,0.673391
34967,202.3831731,29.5386649,0.689922
34974,155.2533137,29.00975483,0.721053
34984,121.0472602,11.61413114,0.755108
35007,148.1860449,21.33861365,0.683208
35009,151.2393745,22.11445271,0.763714
35042,155.3357348,23.51864217,0.729154
35071,144.0633949,21.16776204,0.796524
35083,155.3960794,23.95944756,0.685838
35115,135.0689241,18.97044129,0.67238
35160,199.0461884,25.67081754,0.796718
35176,171.9882685,26.07171618,0.734369
35271,170.785517,26.87259571,0.712546
35291,194.9860942,27.20735405,0.668135
35303,202.4759103,26.41169758,0.686356
35314,169.1149697,27.21024299,0.780318
35316,169.4432889,27.22850113,0.753355
35325,181.0614001,27.95735969,0.694717
35349,198.8576514,27.30394936,0.768233
35352,200.141012,27.14736957,0.785397
35382,183.5132706,28.47043194,0.671168
35395,199.3542344,27.75011149,0.734385
35407,115.3672262,9.16684107,0.75205
35420,138.6105225,18.83756087,0.702862
35431,155.4547609,23.32021359,0.728825
35471,133.8850088,17.47853507,0.759486
35497,167.7277172,25.85689377,0.771158
35531,145.8505161,21.91378075,0.816021
35537,156.0581286,24.43280984,0.770978
35561,133.369354,18.18038035,0.74421
35588,160.7129472,25.73782165,0.728859
35623,151.5916383,24.24020371,0.739134
35634,164.3396405,26.82208068,0.738441
35670,185.0106306,26.53578116,0.769218
35697,195.8804827,26.46401821,0.837949
35699,198.1625798,26.28534188,0.658277
35720,198.1601084,26.79830859,0.825846
35729,190.7254229,27.77427412,0.784724
35762,198.6703581,27.55057408,0.708801
35778,191.4497619,28.41990358,0.691191
35786,197.1246117,28.19327334,0.694693
35806,195.9599263,23.63387351,0.79401
35835,196.0914289,24.10363063,0.707521
35842,201.0157042,23.54532701,0.791164
35872,195.9034614,24.52669005,0.797485
35916,177.6668289,25.52589768,0.747546
35939,205.2108628,24.35511781,0.751932
35943,174.3551711,25.73607206,0.735407
35953,183.4549566,26.14720105,0.718847
35974,160.4200001,22.06721719,0.796916
35980,175.5326639,23.78636184,0.727917
36004,165.5283956,23.18720573,0.683103
36021,149.327543,20.66875861,0.705346
36039,171.4058577,24.2718161,0.795738
36076,120.2161926,9.95767617,0.720938
36080,124.0190356,11.57573417,0.71433
36114,122.0122209,11.15005974,0.807976
36137,158.2300566,21.76211839,0.800785
36139,159.2386103,22.12560151,0.747435
36158,130.904027,14.98683291,0.742397
36162,139.7923981,17.78171861,0.723804
36166,145.5030438,19.4183487,0.738674
36197,132.6797435,15.9476223,0.79664
36212,147.0989451,20.23476774,0.663376
36250,150.7027448,21.57118703,0.734187
36262,163.6589174,23.97337019,0.659345
36273,152.81415,22.5886478,0.69645
36319,154.5863146,20.99742184,0.782248
36379,154.8572752,22.63333379,0.759622
36443,144.0842803,17.19026919,0.855404
36506,188.8644011,21.50723141,0.763458
36513,200.1755644,20.91041169,0.740222
36575,170.3153709,21.3367245,0.753381
36641,152.727469,19.15551894,0.807293
36649,156.7723607,19.91683303,0.707097
36693,203.6776532,21.41757947,0.733502
36717,233.6375636,15.1335963,0.749478
36779,203.3943264,21.78009048,0.758266
36790,209.2914169,21.03896697,0.684781
36814,135.6334538,15.90054975,0.666322
36817,146.4506685,18.6501328,0.712136
36836,172.6072244,22.82703739,0.76805
36858,197.4612201,22.80408669,0.794088
36890,168.3123467,22.8708302,0.78704
36918,197.4981942,23.23795302,0.793818
36935,214.0367815,21.18998891,0.683964
36942,219.4834208,20.12576171,0.675758
36962,133.9479413,13.40730632,0.697392
36970,163.1693509,19.94510184,0.715881
36985,176.7515495,21.23171496,0.706131
36992,177.7718727,21.24410865,0.707098
37050,144.9331565,16.76727634,0.738629
37053,147.6020429,17.37500837,0.720755
37060,156.1050657,19.29487621,0.781855
37077,184.2356245,21.70499435,0.690687
37112,222.2248221,17.48115532,0.700299
37133,246.7424925,10.22435093,0.830574
37188,172.6130863,21.66002034,0.816965
37216,209.6625722,20.29845567,0.656695
37221,213.4036267,19.65290867,0.676224
37241,235.9989855,14.25112599,0.729964
37244,237.4028287,13.89572266,0.790001
37284,149.3573513,18.73799814,0.729417
37296,162.3501436,20.93906709,0.732585
37313,176.1816297,22.42778475,0.774296
37324,193.247285,22.41594025,0.66886
37331,201.9203921,21.61316863,0.746267
37362,239.6508289,13.47577065,0.665259
37383,140.656097,17.08221216,0.75072
37387,157.2278268,20.68083208,0.733059
37395,171.561665,22.3571798,0.677454
37484,180.3932174,23.48512928,0.653907
37514,233.4975036,16.3995643,0.683194
37544,185.5228771,23.88503095,0.828211
37547,192.9041928,23.58883512,0.781062
37580,188.4520033,24.31504235,0.699157
37635,198.2246457,23.99450354,0.688436
37654,215.3686787,21.5076889,0.781413
37707,206.4834737,23.45765583,0.745991
37735,182.0701532,25.39083074,0.653024
37772,222.8663825,20.8237078,0.71455
37782,175.7145856,25.58275553,0.709638
37801,187.9494472,25.98918394,0.827211
37821,168.4514467,18.36829263,0.683655
37869,190.2625296,19.34214312,0.799679
37892,182.9454828,19.8351657,0.725895
37908,197.4036456,19.51001952,0.688327
37914,171.9016315,19.73896235,0.721267
37916,173.2779998,19.89236136,0.752296
37926,179.4905717,20.20711792,0.707828
37934,185.1765143,20.40047842,0.793502
37968,196.782582,20.29081451,0.743094
38050,236.8806209,16.51058529,0.669948
38064,196.7896365,20.40841107,0.671778
38073,206.0277307,17.89670363,0.694624
38074,206.4607951,17.69798388,0.748218
38102,243.7159048,9.67304898,0.767991
38114,207.0915671,18.08861221,0.743269
38116,207.9030121,17.97222834,0.797662
38123,213.6346924,17.23305732,0.767928
38139,229.9536992,13.90298412,0.748089
38143,231.5097346,13.63433445,0.763974
38145,232.602134,13.13572277,0.758699
38153,240.5513698,11.0717154,0.719716
38180,218.9998043,16.64304491,0.780675
38215,210.8715343,18.35057715,0.677425
38252,246.0671638,10.40712308,0.662848
38254,248.0552332,9.73739514,0.684132
38301,248.1662802,10.03044264,0.73086
38336,165.0718305,17.95486125,0.692279
38354,156.2411973,17.20212755,0.65778
38370,144.9556656,15.38974975,0.693667
38373,147.0850078,15.84884687,0.653678
38376,152.8794223,17.02790529,0.679042
38389,139.013856,14.44793732,0.765613
38420,163.9760385,19.61404456,0.653856
38432,153.4695557,18.443352,0.696268
38433,153.4248498,18.4644808,0.729116
38438,171.339109,18.31877993,0.686162
38455,166.2352095,18.22066551,0.725923
38456,166.6146271,18.38998558,0.795193
38477,168.1392996,18.86107573,0.751339
38488,176.151473,19.47810592,0.787542
38500,169.1750823,19.34378711,0.729894
38505,174.5161329,19.86208704,0.71256
38524,178.2958457,20.44283759,0.743424
38607,204.3086683,18.23369663,0.728959
38619,209.1334529,17.73229406,0.811864
38650,193.3021074,19.56710068,0.652402
38663,207.5964508,18.16895368,0.711189
38693,180.4996126,20.08420436,0.685841
38714,208.6179667,18.59422629,0.70358
38715,210.789876,18.13873886,0.687569
38739,224.1838931,15.78386084,0.701834
38756,183.2075538,20.56316893,0.689905
38763,186.4017787,20.45364864,0.690024
38771,203.2771838,19.50122018,0.659742
38800,180.2868515,20.79842986,0.714467
38804,183.7363943,20.89744335,0.756284
38829,222.7801635,17.07453515,0.766834
38895,241.6887578,11.88741588,0.808088
38897,241.7874243,11.7744264,0.718952
38901,242.1212336,12.18599924,0.733472
38951,220.1103861,14.45959431,0.740131
39045,246.667448,9.16389002,0.759632
39049,227.957358,14.19453665,0.702739
39089,251.3603641,11.07209957,0.722243
39121,216.2945343,14.28269487,0.702883
39137,206.3261554,16.09994058,0.68846
39140,210.0499868,15.66677795,0.757755
39163,201.6207026,16.9578924,0.745365
39221,233.8824906,12.32808215,0.744507
39233,211.3015876,16.65382775,0.675868
39236,224.4610453,14.60614705,0.791315
39262,260.8492745,41.11110818,0.739873
39270,264.7200861,32.66164993,0.773179
39277,236.9302582,14.2341124,0.743943
39293,240.2884854,13.99498931,0.652707
39294,240.806158,13.92779274,0.765378
39299,240.4956638,14.51145046,0.737587
39311,180.7312141,16.33501247,0.719286
39313,186.06111,16.38145893,0.727485
39332,160.680877,15.39564427,0.761434
39338,168.1483196,16.05347949,0.657373
39351,183.5484181,16.72210044,0.753481
39361,189.9863313,16.68446662,0.67955
39385,163.8042976,16.11618363,0.712899
39397,178.8666883,17.13070712,0.665688
39398,181.0430606,17.20788678,0.774331
39415,151.8601841,14.82683767,0.717715
39422,157.6322491,15.80974591,0.652558
39443,178.2202787,17.60004819,0.666188
39451,192.6307203,17.47306598,0.769753
39474,164.1852375,16.87967989,0.708417
39510,160.8961714,17.07946454,0.727904
39585,254.5488742,47.79825984,0.794771
39599,250.9197097,52.86082155,0.675074
39610,243.7497241,60.13131989,0.766774
39633,156.8763509,14.5852673,0.796943
39646,162.2715934,16.02269709,0.701937
39648,153.8435436,15.49660591,0.723962
39664,254.4584741,47.61059878,0.706495
39674,258.7159472,42.22403107,0.689735
39688,191.3136709,16.51260363,0.693724
39691,185.2488349,17.01374241,0.654491
39719,200.6890369,17.66170081,0.761508
39731,241.2145014,-1.76171813,0.663282
39738,246.7837554,-4.4706591,0.754606
39740,244.0993522,-1.72842113,0.726333
39742,254.0481425,10.85996733,0.81323
39749,267.5709517,5.64442349,0.698958
39809,160.4016721,16.27498025,0.703864
39870,189.6708469,16.70906762,0.705621
39895,198.0399,17.52668579,0.713546
39910,243.3699415,50.72618233,0.671499
39942,191.6592215,17.24891803,0.742082
39988,176.9219487,20.36154929,0.670456
39998,243.8699051,-1.83147348,0.666483
40000,263.4207505,3.07767996,0.670316
40009,153.5888676,61.11346903,0.666311
40038,261.3527587,43.72162967,0.75343
40055,258.5715093,44.15510443,0.658405
40065,276.8081434,41.70236845,0.685798
40093,274.6387567,42.89328606,0.657392
40099,281.9061476,41.10274976,0.652673
40112,283.6073811,41.21098265,0.754513
40113,289.6726172,39.01605022,0.651687
40127,171.0504933,59.65705882,0.659834
40130,150.4625149,55.79279128,0.657206
40131,167.3491955,60.08791576,0.743206
40133,255.1939307,10.5980527,0.785062
40145,254.3208139,12.81405097,0.704154
40201,271.0574302,42.92683875,0.772148
40222,269.3110923,44.49744662,0.719215
40231,302.4492357,-10.41221781,0.684822
40240,283.1438,39.24467508,0.711408
40243,284.3054947,38.86433118,0.768291
40280,276.781818,43.25643871,0.657204
40290,313.4151213,-17.24451422,0.738305
40299,313.7689593,-16.89338717,0.744799
40322,313.8655793,-15.53526043,0.74382
40342,8.31928308,6.33096598,0.723956
40367,8.00078301,6.83334581,0.727865
40431,349.9051997,8.08822613,0.76088
40449,346.6527175,6.1146912,0.757633
40451,348.1255591,6.31976972,0.727718
40507,5.70673345,8.26320777,0.739806
40515,316.1249992,3.95417178,0.68102
40534,332.3968263,5.75169346,0.730621
40565,335.9616519,6.89821786,0.774788
40570,342.4221706,7.27774276,0.65294
40571,344.8234206,7.37348961,0.726394
40575,315.0391262,5.6496272,0.683593
40596,322.06069,6.70761877,0.80816
40607,14.49766979,6.55997288,0.69763
40608,15.77835095,6.53441755,0.663225
40611,2.38560587,6.87641007,0.716928
40618,15.1094393,6.8423585,0.78837
40639,23.24484006,7.51608398,0.727176
40646,2.42057157,8.70513914,0.657114
40674,318.9265756,4.4990745,0.787603
40686,317.241755,4.68829366,0.731738
40727,343.857105,7.10461329,0.680977
40731,319.0141739,5.69848799,0.69718
40739,335.4900387,6.98572571,0.726784
40753,332.9565833,7.29213649,0.738109
40756,339.6104524,7.65078627,0.757516
40801,19.6294868,7.35247104,0.790268
40813,14.86459376,8.33916807,0.695074
40857,29.1670896,6.32292485,0.795332
40881,20.99196185,8.00351017,0.698266
40890,32.52000814,7.82116374,0.683809
41010,49.31621683,39.69680537,0.689336
41012,36.27300093,20.37622393,0.701049
41015,49.81243783,41.2138766,0.716516
41034,33.37510264,17.31253219,0.75428
41056,45.87096025,39.4180225,0.7117
41065,120.8636239,7.99890824,0.77485
41099,120.257122,8.17805004,0.753306
41130,144.0277679,12.37284897,0.791654
41145,143.6976121,13.30992899,0.711702
41155,140.1783749,12.83629286,0.715467
41182,139.5805196,13.56024986,0.676536
41200,22.6904024,-10.04971817,0.683213
41238,33.52219573,15.35887665,0.742528
41243,38.60695999,25.26909838,0.765207
41250,34.95276731,18.98453026,0.708454
41270,43.53765713,35.77160716,0.741519
41289,46.88334382,41.14766732,0.701546
41345,120.1806958,8.93403357,0.658985
41359,148.9516152,16.41471145,0.819963
41403,23.52882337,43.4326166,0.676117
41424,21.4435413,45.42641258,0.687682
41428,19.8019014,39.76815611,0.688869
41435,38.68995704,71.43995841,0.654259
41440,135.0084767,81.64933622,0.779744
41461,74.13655397,84.09008314,0.688338
41497,149.8411293,14.19677767,0.695162
41500,154.8006303,14.89145008,0.781029
41512,142.3361229,13.16012023,0.78691
41518,152.4433839,14.90124693,0.705504
41537,121.7256865,9.15084737,0.725371
41552,181.5630664,7.85687693,0.669197
41568,181.1646366,7.68253549,0.696399
41570,173.5207373,-4.90014865,0.650406
41572,174.1866177,-3.98144842,0.69989
41609,165.8483847,-20.091428,0.806624
41610,168.6712079,-15.72806774,0.704161
41643,165.7821007,-18.8327786,0.719317
41647,168.7485005,-13.76714822,0.826167
41668,167.7561217,-14.75796141,0.702175
41681,172.4562544,-6.44534142,0.6954
41732,172.742762,-4.08444416,0.705055
41771,164.3811996,-18.60846703,0.711126
41776,165.8101672,-20.44280987,0.748947
41802,144.602658,12.54682143,0.670734
41811,139.3442034,11.78598981,0.73156
41814,142.4998281,12.50004059,0.762022
41865,192.1907713,-13.52112046,0.767043
41867,192.336126,-9.50208359,0.716243
41874,192.4521727,-3.07915096,0.74576
41947,191.5344688,4.44414284,0.759594
41959,190.3219137,-12.50146117,0.688816
41981,190.3900305,-6.13402917,0.714607
42004,104.1514738,84.20201507,0.794284
42035,168.0039292,76.35144993,0.67059
42037,173.272311,73.41339382,0.695254
42057,159.2278857,80.50496099,0.694811
42065,181.1796524,68.7959046,0.686947
42097,169.2981826,74.0124154,0.730133
42154,191.4298918,-12.11506538,0.78564
42180,191.1855698,-9.49394139,0.783458
42183,191.2318419,-6.99564439,0.832051
42204,190.8262489,-7.00905013,0.694216
42207,191.0696518,-5.22657127,0.660623
42241,189.3110264,-19.51764258,0.803287
42254,190.0874985,-5.77859497,0.659311
42291,268.5899808,64.21924753,0.725445
42292,278.1678345,63.92690393,0.810017
42295,229.3763437,58.36557615,0.757649
42343,285.6016481,63.68326674,0.829961
42347,267.7439064,65.51373793,0.717651
42373,162.0108414,10.45732051,0.653794
42439,250.5301082,63.25410302,0.767328
42454,282.7995937,63.78967337,0.78388
42475,273.0761133,64.68306609,0.707039
42476,273.8634762,64.76226432,0.723428
42530,205.0419822,-0.77865664,0.730366
42533,207.3647656,-6.0885219,0.721885
42554,203.3349024,3.92476348,0.768752
42565,201.8285136,8.76909025,0.683638
42566,203.0986003,5.83283562,0.726341
42576,210.9258136,-11.62881237,0.724409
42579,213.0503811,-16.50803295,0.670282
42608,206.2123091,0.50516861,0.703772
42633,209.8676006,-6.44962139,0.784716
42668,206.2824959,-2.79558051,0.793756
42700,210.2370454,-8.68099161,0.731786
42704,211.9002586,-12.47751929,0.721089
42712,208.245558,-3.54774402,0.682915
42745,326.6640269,13.76838956,0.720364
42747,331.7543182,8.91131666,0.759498
42775,338.4474403,35.3301634,0.830432
42794,336.6875578,40.02399733,0.727026
42796,337.2604274,39.18319435,0.698118
42800,343.222932,31.13262656,0.697026
42803,337.6280337,35.29174749,0.819282
42815,349.8629268,15.88287398,0.810607
42829,340.9461196,31.74210203,0.711189
42839,354.8092255,6.96192285,0.703759
42847,338.2534004,35.86643821,0.728197
42854,342.0543956,30.88230443,0.733092
42877,356.1686576,5.25610276,0.793293
42883,339.4287126,35.31538767,0.744529
42914,340.3321043,34.81544184,0.761992
42966,1.14811701,-6.79090107,0.713531
42978,0.16798015,-3.57187718,0.808029
42981,1.01926001,-5.63999518,0.810123
42997,2.38107104,-7.18565356,0.759145
43005,8.8819892,-20.1387734,0.769639
43010,0.96183453,-3.58394307,0.732789
43052,350.9631972,13.89194106,0.731307
43062,348.6886384,20.27023276,0.789959
43097,355.5249364,4.82676024,0.723797
43100,351.8996822,13.40731507,0.702814
43105,355.0891827,6.56423799,0.723995
43131,0.90706783,-5.78666201,0.778968
43136,0.18008703,-3.57187605,0.787674
43137,1.56790039,-6.15350843,0.756382
43198,5.96529139,-14.17650437,0.709534
43229,13.04718396,38.95829715,0.751075
43261,16.41268126,44.0150653,0.751455
43264,54.94635911,15.77064071,0.701052
43266,54.95687902,15.80809783,0.759102
43288,117.5898294,42.05401537,0.760117
43308,51.2816378,5.23557766,0.720711
43312,70.10168195,21.3274229,0.726639
43327,102.5737264,37.49403946,0.773044
43361,111.7756273,41.71685022,0.701242
43365,72.76135332,10.90945708,0.684501
43419,41.11973202,-4.9667105,0.757393
43437,26.62487925,-16.50330231,0.773397
43444,33.47689214,-10.91564097,0.795707
43465,102.7148106,36.71943282,0.716338
43509,129.2043233,-4.8181783,0.721209
43516,124.4392281,-7.35209351,0.65994
43522,129.4228924,-4.20523587,0.733883
43526,127.0960951,-5.26283321,0.703642
43528,128.5674442,-4.22987398,0.781175
43604,110.0866142,32.40547962,0.700873
43631,25.18984466,-18.63126876,0.690886
43645,23.37871795,-18.96822012,0.711058
43660,24.84396424,-17.04564902,0.669141
43671,123.4093909,18.87695963,0.665393
43674,104.286638,11.0691402,0.656215
43694,120.3559843,19.03096133,0.676205
43706,104.5590888,13.00800404,0.749104
43717,130.3697725,23.24573464,0.724913
43726,110.0257728,13.92666316,0.695119
43732,108.2040975,14.02864597,0.674947
43763,73.01603998,-5.17745437,0.733122
43773,69.44894428,-6.48207443,0.651067
43777,72.80358972,-4.91771968,0.79834
43784,68.03398053,-6.99815803,0.790091
43794,67.05288159,-6.78860595,0.664122
43859,132.0770656,-2.97337068,0.756725
43873,124.4798248,-6.47728542,0.685064
43892,128.1196271,-3.91003862,0.679696
43935,211.5238704,0.63486365,0.731216
43967,181.1908706,9.40705065,0.696428
44005,219.7993335,-3.8977929,0.822914
44056,231.7656215,-14.38672626,0.7763
44066,234.3011284,-15.40349808,0.761343
44087,235.6169211,-14.32522653,0.824984
44095,318.6645513,20.15713932,0.731761
44096,319.8763872,19.42204761,0.732594
44113,74.50576666,-5.07550161,0.795112
44115,70.97789424,-6.56304914,0.661026
44138,73.53428672,-3.18106927,0.709249
44164,17.14067609,42.80903025,0.697966
44204,41.31956805,-5.64081199,0.772179
44225,45.92437261,-0.06319818,0.66411
44265,4.47139026,-3.04286678,0.788508
44272,12.61236708,5.05621429,0.706895
44289,6.16130177,0.3569955,0.663976
44326,38.62392807,1.66707192,0.684865
44334,44.68867982,1.37459055,0.679976
44344,35.75533412,2.07605148,0.741735
44347,39.41247566,1.87614168,0.717221
44373,42.0637286,2.22713818,0.690488
44390,44.30784435,2.70054077,0.7167
44432,320.2698489,9.34332135,0.772056
44433,320.2924038,9.53039037,0.745538
44435,320.1415147,15.20107472,0.689052
44445,319.7646325,1.96406603,0.71116
44450,319.653219,23.38959228,0.808594
44455,319.2876462,-9.39110363,0.751059
44456,319.3990266,-8.25674449,0.653256
44468,318.8026741,-14.80861256,0.804062
44473,319.0211221,15.49454045,0.76672
44477,352.8256896,23.58829929,0.750726
44511,350.0374398,24.89458499,0.744862
44515,353.6136304,25.23302445,0.697307
44519,351.0436715,25.44880701,0.799333
44527,357.2114387,23.59085523,0.677323
44554,359.0580511,24.91569985,0.762668
44589,29.94858451,24.19598239,0.740671
44606,7.44318856,1.53427336,0.826926
44677,10.84614597,2.27193457,0.803716
44680,16.77252534,2.33158459,0.709198
44682,17.22827351,2.37422997,0.669195
44714,4.97861583,2.84278202,0.680241
44716,10.61558837,2.77776581,0.658051
44730,329.0755496,2.86764666,0.744386
44736,343.9460858,3.03835208,0.692577
44762,323.6768713,2.92956312,0.736498
44772,336.7948181,3.45116186,0.699401
44805,345.463652,15.59079269,0.717481
44831,347.4228165,16.30733914,0.737579
44845,2.50772374,16.94061061,0.787376
44874,0.01743983,17.34911561,0.688004
44888,26.38273751,16.36139347,0.752704
44919,21.54616521,17.24172263,0.768113
44944,1.24591377,18.2993982,0.680023
44949,7.86552144,18.21308335,0.676357
44978,11.24565013,18.48142227,0.743183
44985,350.5557877,1.32357274,0.688185
44989,359.8612213,1.41029369,0.77264
45008,334.8836797,1.47779451,0.808427
45021,1.04163098,1.7143711,0.72883
45035,13.23181519,1.76258983,0.738333
45098,4.74615689,2.21998385,0.763259
45102,13.76917422,2.06056714,0.673384
45105,15.31477225,2.15649798,0.723155
45117,23.88431243,2.03146511,0.848087
45121,29.21428866,1.90057631,0.71506
45139,331.4369635,2.28061688,0.67622
45144,336.6588496,2.29229744,0.785345
45158,350.7676836,2.43703074,0.785315
45184,22.26336198,2.50431314,0.710658
45215,355.0747632,3.01263111,0.67694
45236,22.51200616,2.85302037,0.812129
45250,45.10256591,2.51917952,0.798782
45272,342.6055344,3.29477828,0.715663
45351,23.88435399,4.15966311,0.74475
45387,43.98102559,3.6766567,0.666473
45401,18.9507729,5.11240548,0.730219
45445,24.1448486,5.89158897,0.733267
45490,20.19165691,4.18018463,0.78426
45497,30.63365318,3.75237033,0.724934
45509,0.45889861,4.59968605,0.777812
45521,14.10768185,4.59658054,0.788078
45525,19.8672765,4.56954975,0.812711
45536,43.83210231,3.61942301,0.751705
45538,354.4400483,5.03568599,0.762773
45563,41.51503828,4.22315176,0.773209
45589,23.04769723,5.34282709,0.778033
45598,43.02187237,4.37077881,0.764399
45616,353.4461858,6.1854921,0.690049
45708,336.8784642,4.40320273,0.67626
45725,331.5853733,4.54205079,0.727736
45735,7.3723627,5.36563273,0.711509
45780,25.84223701,25.75678067,0.785123
45824,352.3074536,6.91163964,0.71584
45859,20.02064191,8.29388591,0.699066
45862,31.49251081,7.75544512,0.67518
45869,15.84981437,33.46689473,0.77729
45906,20.76264279,34.79556726,0.687088
45958,339.2503199,4.27743955,0.719073
45963,317.63564,3.45378125,0.699476
45975,341.7318383,4.61307297,0.689537
46006,20.36541392,9.17989953,0.656696
46014,28.23802524,8.71181476,0.724527
46052,320.1516128,6.42664507,0.680631
46063,332.6832973,8.05275179,0.661863
46070,329.3327587,8.32647305,0.794587
46083,322.014361,8.30720564,0.702961
46101,327.4617764,7.77012288,0.777298
46106,320.6651642,7.59299298,0.740797
46141,345.300948,10.92542887,0.658456
46162,12.79729043,11.37905431,0.77387
46172,322.2962186,8.79333647,0.734675
46187,358.1910026,11.88723498,0.792165
46208,348.1993872,11.84711017,0.693216
46216,4.07329659,12.41488796,0.747735
46242,339.5540235,11.57447855,0.743779
46256,356.0891277,12.58053847,0.729479
46288,356.3719082,13.07476392,0.701797
46291,358.7771843,13.13805313,0.734445
46311,339.9166713,12.51998747,0.681242
46313,348.8723901,13.13592263,0.827956
46317,355.0644569,13.41180918,0.7002
46320,358.5960921,13.55334424,0.730631
46346,334.8481551,9.66271139,0.692373
46349,317.6319072,7.71771862,0.768765
46355,313.060615,7.35338824,0.720058
46369,320.9063181,9.08260857,0.651977
46378,314.2886993,8.4646366,0.66889
46400,341.8483049,-3.25038616,0.753241
46410,356.572226,-3.51186218,0.654694
46417,13.84394916,-3.46902594,0.713934
46427,39.73486467,-2.95452767,0.78701
46503,3.42183919,-2.70700551,0.671699
46521,318.9466785,-1.32638899,0.656646
46556,28.73685562,-1.88582773,0.776487
46560,39.62424746,-1.76018499,0.74458
46599,326.0290486,-0.7197577,0.689219
46609,6.26016109,-1.43768998,0.716191
46627,27.32470548,-3.55714105,0.787365
46655,17.49890171,-2.80335883,0.719759
46664,24.30589774,-2.76380156,0.776891
46671,30.66588117,-2.65792607,0.768829
46700,40.76177373,-1.91848008,0.765381
46720,38.39598537,-1.47719864,0.754805
46732,21.22975777,-1.36397886,0.698393
46768,44.03479555,27.70098398,0.83803
46785,36.67948088,30.42956787,0.695278
46805,18.73882777,34.71529664,0.701616
46806,20.40746367,34.48120818,0.659331
46807,20.38894697,34.50059322,0.686038
46820,17.49736778,35.28273789,0.700885
46823,27.09301035,33.84518988,0.798877
46829,350.8855577,8.62344534,0.723464
46841,11.53817668,8.73674244,0.67365
46901,342.2665651,9.40359837,0.761281
46907,348.0772265,9.58614897,0.800656
46913,351.2156566,9.81535231,0.755139
46932,25.95371326,9.36119118,0.808469
46942,348.9296144,10.0617701,0.719995
46947,357.3283011,10.43895877,0.768753
46950,7.73327423,10.40152657,0.65958
46969,358.5851808,10.89441896,0.739417
46982,353.6675501,11.06314834,0.714273
46983,353.6808826,11.01669604,0.782924
46984,358.2558134,11.28129262,0.672643
47002,13.98588957,11.63458384,0.670361
47035,27.19325213,11.22652765,0.786162
47047,352.693807,12.31502338,0.714239
47064,26.65265477,11.73038964,0.73161
47070,342.9788388,12.14037519,0.66046
47071,343.7011028,12.14268473,0.702872
47093,351.6464023,13.13699242,0.747998
47170,350.5416408,4.14790859,0.82735
47186,346.6004954,4.87954433,0.797772
47191,348.7327689,5.29707495,0.815966
47198,340.8490148,8.10316207,0.659439
47268,349.1535007,9.92239238,0.729912
47279,359.2983035,10.74072114,0.748505
47280,347.6614013,10.62529681,0.780145
47285,357.1685709,11.02347776,0.827261
47302,357.4409634,-5.94787775,0.741229
47332,17.2649401,-5.43342754,0.710836
47335,337.6872732,-4.5560409,0.764327
47353,326.280133,-3.65184405,0.709118
47385,328.395064,-3.25298579,0.676911
47396,12.42405273,-4.17787932,0.801355
47418,358.7176384,-3.76435379,0.813293
47465,18.50896963,17.11234049,0.71667
47475,30.18878851,16.34336116,0.812352
47478,23.13101325,17.63186106,0.754729
47493,37.99719452,-5.10574243,0.763185
47499,21.27482733,-5.21844358,0.743457
47541,38.98021021,-4.22453941,0.832543
47556,26.2102747,-4.27249779,0.706518
47559,29.59458234,-4.18218269,0.765881
47599,11.20730171,8.93039322,0.750499
47639,4.2922812,-6.18952974,0.789797
47664,10.46620283,-5.80520736,0.728078
47672,15.86888979,-5.64062922,0.700399
47673,16.41242639,-5.74134976,0.739759
47686,44.49360619,-4.514617,0.732954
47741,24.23851132,-4.53879555,0.721711
47758,5.06280453,-4.39780013,0.771514
47820,38.7529203,-3.15816279,0.702865
47856,46.43036905,-6.05486091,0.743168
47885,27.86141718,-6.68982779,0.721952
47913,0.08613593,-3.56682252,0.69968
47921,359.8267821,-3.21246568,0.699004
47933,352.8819258,-2.83579504,0.710066
47940,5.01735123,-2.84641078,0.786248
47970,351.9336595,-2.01434169,0.679177
48032,34.45013808,-6.83244524,0.747825
48058,25.89414861,-6.58070963,0.703308
48075,33.23408833,-5.77228585,0.781634
48076,36.41061417,-5.5092229,0.70307
48107,8.24645918,17.14664756,0.657559
48147,31.6992039,17.13291186,0.701614
48294,7.70010461,23.13208073,0.765411
48297,12.18352681,23.08458021,0.762772
48318,337.1987918,17.01578457,0.692995
48323,349.9432138,18.59448708,0.725672
48336,352.09385,19.14415109,0.74755
48346,346.2294718,19.03348831,0.661695
48383,335.435638,18.63293535,0.819827
48390,351.6131945,20.55627651,0.72192
48433,28.78710102,20.37461082,0.785135
48473,0.0632093,27.62246689,0.764974
48476,357.5569902,28.09462305,0.758979
48480,34.12192944,25.304509,0.805729
48481,356.0560513,28.27205206,0.754046
48487,19.87813831,30.50904969,0.702498
48533,104.1645389,7.50588569,0.653435
48534,103.4923004,16.10824909,0.660696
48544,344.471891,-3.58686561,0.776458
48557,330.3566728,-2.35863254,0.731954
48576,346.885607,-2.29337807,0.696574
48581,353.9208104,-2.39172271,0.752616
48590,349.9545782,-1.80532602,0.768409
48646,337.9241152,-3.26005981,0.742956
48679,14.7808313,25.38195957,0.692828
48687,16.56647505,25.67502505,0.664916
48692,25.86288138,24.78014359,0.67206
48701,30.96598232,24.43356354,0.708589
48718,15.08783263,27.65338453,0.79902
48722,27.11341847,26.21383794,0.69061
48745,331.8105887,13.99412371,0.773376
48751,336.1962728,14.6894935,0.708726
48793,19.99170195,2.24310182,0.688809
48808,20.1559674,3.46156948,0.673215
48820,22.73418431,2.64457368,0.657039
48838,29.40351506,3.47116475,0.668425
48843,345.4157756,-5.84777673,0.768554
48857,341.1590609,-4.95957527,0.743352
48870,343.9047639,-4.15486485,0.754615
48886,12.96828011,-8.47045869,0.660379
48888,24.69998991,-8.01287838,0.687396
48896,23.27578309,-7.55579841,0.764527
48922,11.17753828,-6.30846223,0.806454
48929,14.53655543,-6.24873141,0.814343
48949,317.2294584,-3.73531854,0.774391
49010,332.0205481,-6.9625804,0.72662
49016,341.0871961,-7.62740603,0.810317
49045,346.5260786,-7.50321589,0.722368
49050,353.9255606,-7.77526063,0.779847
49064,17.32969264,-7.54723593,0.684639
49071,337.8355237,-6.63737056,0.71207
49091,20.41572817,-7.07805373,0.75493
49120,12.68881176,-6.85899537,0.828315
49126,20.70291535,-6.62247223,0.764204
49128,322.1630661,-4.63313064,0.784531
49175,0.04221162,19.47284158,0.664774
49177,4.47395087,19.52140068,0.775682
49181,331.9367849,16.93245953,0.778648
49202,331.818498,17.5862143,0.77174
49203,332.2788298,17.82602185,0.775204
49209,341.606275,19.190523,0.660101
49213,350.3390193,20.09055686,0.784962
49232,25.03311626,27.6327906,0.667
49239,26.12195221,27.92671537,0.720459
49240,26.69687303,27.95961418,0.721923
49265,35.25546537,27.03467897,0.667078
49274,31.77694102,28.21964346,0.775264
49283,356.9919407,-8.30534129,0.758667
49304,334.975617,-6.64190349,0.689291
49308,344.2123898,-7.20235286,0.780195
49322,323.8210262,-5.38481621,0.656893
49336,357.2412809,-7.05930401,0.723123
49379,330.5528699,16.92302839,0.769232
49400,336.9198329,19.65077547,0.739964
49416,341.399011,21.02012824,0.753612
49417,326.8647041,18.73603995,0.682221
49465,349.0235414,27.49438604,0.704673
49500,25.5125983,28.6532113,0.663607
49509,24.91072513,29.32513426,0.708711
49539,336.086445,19.18286643,0.781036
49592,342.8169253,24.91993281,0.69894
49612,329.7855073,23.4785787,0.742679
49649,333.9884473,23.9060797,0.65607
49657,344.9600828,26.01851828,0.729504
49668,325.5415299,22.75878575,0.717238
49683,351.1576746,27.94132023,0.705593
49697,15.64590586,30.91571384,0.83157
49714,352.3756071,31.45594932,0.811135
49736,1.49477189,32.92682763,0.794603
49739,5.73520102,32.97329886,0.815438
49764,13.81264765,31.65220263,0.717772
49788,21.65896123,31.74364353,0.776209
49792,31.31230793,30.00340168,0.762552
49798,23.60548469,31.87223508,0.797466
49857,345.3800937,31.59088479,0.717517
49862,336.5855509,30.20122456,0.744595
49881,349.7400535,28.04705928,0.661267
49895,334.9467545,25.69237346,0.781184
49911,2.57849949,29.13790198,0.812236
49926,327.9879099,24.40068859,0.775223
49930,337.430646,26.86322869,0.798468
49977,359.9803488,29.93172417,0.774749
49982,8.50230907,30.05764013,0.753697
49992,323.9829077,24.11174949,0.671528
50008,11.14291568,30.35485081,0.781277
50021,349.834301,29.97309143,0.842231
50048,346.8718583,29.57618536,0.703059
50066,326.7766298,24.33428379,0.844178
50068,329.2249958,24.91317829,0.741313
50071,330.7806117,25.32456227,0.778266
50075,327.5546076,25.02975635,0.671291
50082,327.7431315,25.49183273,0.653439
50086,335.3375342,27.82875271,0.774116
50113,346.440114,31.06255955,0.727204
50152,12.23059357,31.78969976,0.792268
50197,323.209412,28.17013414,0.762862
50210,333.6436084,29.87017008,0.766564
50224,352.5942299,33.73373669,0.675187
50249,349.0077316,35.22250097,0.696268
